alert_id,fault_id,fault_name,confidence,method,rule_name,exists
5:gaia-2021-08-01-2021-08-01_01`:53`:47-memory_anomalies,1:API Key 泄露到公共代码仓库（K8s 场景）,API Key 泄露到公共代码仓库（K8s 场景）,0.95,rule,gaia-memory-mob,False
5:gaia-2021-08-01-2021-08-01_02`:29`:33-memory_anomalies,1:Redis Cluster 节点下线导致 slot 不可用,Redis Cluster 节点下线导致 slot 不可用,0.95,rule,gaia-memory-redis,False
5:gaia-2021-08-01-2021-08-01_03`:41`:50-memory_anomalies,1:Redis Cluster 节点下线导致 slot 不可用,Redis Cluster 节点下线导致 slot 不可用,0.95,rule,gaia-memory-redis,False
5:gaia-2021-08-01-2021-08-01_03`:53`:11-memory_anomalies,1:Elasticsearch 写入拒绝（429）,Elasticsearch 写入拒绝（429）,0.94,rule,gaia-memory-log,False
5:gaia-2021-08-01-2021-08-01_04`:59`:11-memory_anomalies,1:Redis Cluster 节点下线导致 slot 不可用,Redis Cluster 节点下线导致 slot 不可用,0.95,rule,gaia-memory-redis,False
5:gaia-2021-08-01-2021-08-01_05`:38`:16-memory_anomalies,1:Apache SSL 握手失败,Apache SSL 握手失败,0.94,rule,gaia-memory-web,False
5:gaia-2021-08-01-2021-08-01_07`:55`:01-memory_anomalies,1:MongoDB 副本集选举失败,MongoDB 副本集选举失败,0.95,rule,gaia-memory-db,False
5:gaia-2021-08-01-2021-08-01_08`:13`:47-memory_anomalies,1:Elasticsearch 写入拒绝（429）,Elasticsearch 写入拒绝（429）,0.94,rule,gaia-memory-log,False
5:gaia-2021-08-01-2021-08-01_09`:41`:08-memory_anomalies,1:Apache SSL 握手失败,Apache SSL 握手失败,0.94,rule,gaia-memory-web,False
5:gaia-2021-08-01-2021-08-01_10`:19`:50-memory_anomalies,1:Apache SSL 握手失败,Apache SSL 握手失败,0.94,rule,gaia-memory-web,False
5:gaia-2021-08-01-2021-08-01_10`:29`:56-memory_anomalies,1:API Key 泄露到公共代码仓库（K8s 场景）,API Key 泄露到公共代码仓库（K8s 场景）,0.95,rule,gaia-memory-mob,False
5:gaia-2021-08-01-2021-08-01_12`:30`:24-memory_anomalies,1:Apache SSL 握手失败,Apache SSL 握手失败,0.94,rule,gaia-memory-web,False
5:gaia-2021-08-01-2021-08-01_13`:29`:05-memory_anomalies,1:Apache SSL 握手失败,Apache SSL 握手失败,0.94,rule,gaia-memory-web,False
5:gaia-2021-08-01-2021-08-01_15`:30`:25-memory_anomalies,1:Redis Cluster 节点下线导致 slot 不可用,Redis Cluster 节点下线导致 slot 不可用,0.95,rule,gaia-memory-redis,False
5:gaia-2021-08-01-2021-08-01_16`:10`:45-memory_anomalies,1:Elasticsearch 写入拒绝（429）,Elasticsearch 写入拒绝（429）,0.94,rule,gaia-memory-log,False
5:gaia-2021-08-01-2021-08-01_16`:50`:06-memory_anomalies,1:Elasticsearch 写入拒绝（429）,Elasticsearch 写入拒绝（429）,0.94,rule,gaia-memory-log,False
5:gaia-2021-08-01-2021-08-01_18`:02`:46-memory_anomalies,1:Redis Cluster 节点下线导致 slot 不可用,Redis Cluster 节点下线导致 slot 不可用,0.95,rule,gaia-memory-redis,False
5:gaia-2021-08-01-2021-08-01_18`:28`:30-memory_anomalies,1:Apache SSL 握手失败,Apache SSL 握手失败,0.94,rule,gaia-memory-web,False
5:gaia-2021-08-01-2021-08-01_18`:47`:52-cpu_anomalies,1:K8s Pod Pending 无法调度（Insufficient CPU/Memory）,K8s Pod Pending 无法调度（Insufficient CPU/Memory）,0.93,rule,gaia-cpu-db,False
5:gaia-2021-08-01-2021-08-01_20`:50`:23-memory_anomalies,1:MongoDB 副本集选举失败,MongoDB 副本集选举失败,0.95,rule,gaia-memory-db,False
5:gaia-2021-08-01-2021-08-01_20`:54`:07-memory_anomalies,1:Redis Cluster 节点下线导致 slot 不可用,Redis Cluster 节点下线导致 slot 不可用,0.95,rule,gaia-memory-redis,False
5:gaia-2021-08-01-2021-08-01_20`:57`:14-memory_anomalies,1:Elasticsearch 写入拒绝（429）,Elasticsearch 写入拒绝（429）,0.94,rule,gaia-memory-log,False
5:gaia-2021-08-01-2021-08-01_21`:19`:52-cpu_anomalies,1:K8s Pod Pending 无法调度（Insufficient CPU/Memory）,K8s Pod Pending 无法调度（Insufficient CPU/Memory）,0.93,rule,gaia-cpu-db,False
5:gaia-2021-08-01-2021-08-01_21`:29`:19-memory_anomalies,1:API Key 泄露到公共代码仓库（K8s 场景）,API Key 泄露到公共代码仓库（K8s 场景）,0.95,rule,gaia-memory-mob,False
5:gaia-2021-08-01-2021-08-01_22`:08`:57-memory_anomalies,1:MongoDB 副本集选举失败,MongoDB 副本集选举失败,0.95,rule,gaia-memory-db,False
5:gaia-2021-08-01-2021-08-01_22`:39`:36-memory_anomalies,1:Apache SSL 握手失败,Apache SSL 握手失败,0.94,rule,gaia-memory-web,False
5:gaia-2021-08-01-2021-08-01_23`:55`:41-memory_anomalies,1:MongoDB 副本集选举失败,MongoDB 副本集选举失败,0.95,rule,gaia-memory-db,False
5:gaia-2021-08-02-2021-08-02_00`:07`:54-memory_anomalies,1:Elasticsearch 写入拒绝（429）,Elasticsearch 写入拒绝（429）,0.94,rule,gaia-memory-log,False
5:gaia-2021-08-02-2021-08-02_00`:55`:56-memory_anomalies,1:Redis Cluster 节点下线导致 slot 不可用,Redis Cluster 节点下线导致 slot 不可用,0.95,rule,gaia-memory-redis,False
5:gaia-2021-08-02-2021-08-02_01`:46`:42-memory_anomalies,1:API Key 泄露到公共代码仓库（K8s 场景）,API Key 泄露到公共代码仓库（K8s 场景）,0.95,rule,gaia-memory-mob,False
5:gaia-2021-08-02-2021-08-02_01`:59`:43-memory_anomalies,1:Elasticsearch 写入拒绝（429）,Elasticsearch 写入拒绝（429）,0.94,rule,gaia-memory-log,False
5:gaia-2021-08-02-2021-08-02_03`:00`:42-memory_anomalies,1:MongoDB 副本集选举失败,MongoDB 副本集选举失败,0.95,rule,gaia-memory-db,False
5:gaia-2021-08-02-2021-08-02_04`:50`:20-memory_anomalies,1:Redis Cluster 节点下线导致 slot 不可用,Redis Cluster 节点下线导致 slot 不可用,0.95,rule,gaia-memory-redis,False
5:gaia-2021-08-02-2021-08-02_06`:54`:31-memory_anomalies,1:MongoDB 副本集选举失败,MongoDB 副本集选举失败,0.95,rule,gaia-memory-db,False
5:gaia-2021-08-02-2021-08-02_07`:07`:09-memory_anomalies,1:Redis Cluster 节点下线导致 slot 不可用,Redis Cluster 节点下线导致 slot 不可用,0.95,rule,gaia-memory-redis,False
5:gaia-2021-08-02-2021-08-02_08`:55`:57-memory_anomalies,1:Apache SSL 握手失败,Apache SSL 握手失败,0.94,rule,gaia-memory-web,False
5:gaia-2021-08-02-2021-08-02_10`:42`:00-memory_anomalies,1:Apache SSL 握手失败,Apache SSL 握手失败,0.94,rule,gaia-memory-web,False
5:gaia-2021-08-02-2021-08-02_11`:44`:49-memory_anomalies,1:Apache SSL 握手失败,Apache SSL 握手失败,0.94,rule,gaia-memory-web,False
5:gaia-2021-08-02-2021-08-02_13`:04`:33-memory_anomalies,1:MongoDB 副本集选举失败,MongoDB 副本集选举失败,0.95,rule,gaia-memory-db,False
5:gaia-2021-08-02-2021-08-02_13`:43`:07-memory_anomalies,1:Elasticsearch 写入拒绝（429）,Elasticsearch 写入拒绝（429）,0.94,rule,gaia-memory-log,False
5:gaia-2021-08-02-2021-08-02_14`:26`:24-memory_anomalies,1:Redis Cluster 节点下线导致 slot 不可用,Redis Cluster 节点下线导致 slot 不可用,0.95,rule,gaia-memory-redis,False
5:gaia-2021-08-02-2021-08-02_14`:39`:50-memory_anomalies,1:Apache SSL 握手失败,Apache SSL 握手失败,0.94,rule,gaia-memory-web,False
5:gaia-2021-08-02-2021-08-02_15`:43`:29-cpu_anomalies,1:K8s Pod Pending 无法调度（Insufficient CPU/Memory）,K8s Pod Pending 无法调度（Insufficient CPU/Memory）,0.93,rule,gaia-cpu-db,False
5:gaia-2021-08-02-2021-08-02_16`:35`:12-memory_anomalies,1:Apache SSL 握手失败,Apache SSL 握手失败,0.94,rule,gaia-memory-web,False
5:gaia-2021-08-02-2021-08-02_17`:00`:48-memory_anomalies,1:MongoDB 副本集选举失败,MongoDB 副本集选举失败,0.95,rule,gaia-memory-db,False
5:gaia-2021-08-02-2021-08-02_20`:42`:32-memory_anomalies,1:Apache SSL 握手失败,Apache SSL 握手失败,0.94,rule,gaia-memory-web,False
5:gaia-2021-08-03-2021-08-03_00`:54`:39-memory_anomalies,1:Redis Cluster 节点下线导致 slot 不可用,Redis Cluster 节点下线导致 slot 不可用,0.95,rule,gaia-memory-redis,False
5:gaia-2021-08-03-2021-08-03_01`:56`:53-memory_anomalies,1:MongoDB 副本集选举失败,MongoDB 副本集选举失败,0.95,rule,gaia-memory-db,False
5:gaia-2021-08-03-2021-08-03_02`:04`:35-memory_anomalies,1:Redis Cluster 节点下线导致 slot 不可用,Redis Cluster 节点下线导致 slot 不可用,0.95,rule,gaia-memory-redis,False
5:gaia-2021-08-03-2021-08-03_02`:10`:46-memory_anomalies,1:Redis Cluster 节点下线导致 slot 不可用,Redis Cluster 节点下线导致 slot 不可用,0.95,rule,gaia-memory-redis,False
5:gaia-2021-08-03-2021-08-03_03`:22`:50-memory_anomalies,1:Elasticsearch 写入拒绝（429）,Elasticsearch 写入拒绝（429）,0.94,rule,gaia-memory-log,False
5:gaia-2021-08-03-2021-08-03_03`:57`:19-memory_anomalies,1:MongoDB 副本集选举失败,MongoDB 副本集选举失败,0.95,rule,gaia-memory-db,False
5:gaia-2021-08-03-2021-08-03_04`:30`:48-memory_anomalies,1:API Key 泄露到公共代码仓库（K8s 场景）,API Key 泄露到公共代码仓库（K8s 场景）,0.95,rule,gaia-memory-mob,False
5:gaia-2021-08-03-2021-08-03_05`:07`:01-memory_anomalies,1:API Key 泄露到公共代码仓库（K8s 场景）,API Key 泄露到公共代码仓库（K8s 场景）,0.95,rule,gaia-memory-mob,False
5:gaia-2021-08-03-2021-08-03_05`:11`:30-memory_anomalies,1:MongoDB 副本集选举失败,MongoDB 副本集选举失败,0.95,rule,gaia-memory-db,False
5:gaia-2021-08-03-2021-08-03_05`:20`:46-cpu_anomalies,1:K8s Pod Pending 无法调度（Insufficient CPU/Memory）,K8s Pod Pending 无法调度（Insufficient CPU/Memory）,0.93,rule,gaia-cpu-db,False
5:gaia-2021-08-03-2021-08-03_05`:34`:23-memory_anomalies,1:Redis Cluster 节点下线导致 slot 不可用,Redis Cluster 节点下线导致 slot 不可用,0.95,rule,gaia-memory-redis,False
5:gaia-2021-08-03-2021-08-03_05`:40`:01-memory_anomalies,1:MongoDB 副本集选举失败,MongoDB 副本集选举失败,0.95,rule,gaia-memory-db,False
5:gaia-2021-08-03-2021-08-03_06`:52`:37-memory_anomalies,1:Elasticsearch 写入拒绝（429）,Elasticsearch 写入拒绝（429）,0.94,rule,gaia-memory-log,False
5:gaia-2021-08-03-2021-08-03_08`:31`:41-memory_anomalies,1:Redis Cluster 节点下线导致 slot 不可用,Redis Cluster 节点下线导致 slot 不可用,0.95,rule,gaia-memory-redis,False
5:gaia-2021-08-03-2021-08-03_08`:59`:24-memory_anomalies,1:Elasticsearch 写入拒绝（429）,Elasticsearch 写入拒绝（429）,0.94,rule,gaia-memory-log,False
5:gaia-2021-08-03-2021-08-03_09`:26`:34-cpu_anomalies,1:API Key 泄露到公共代码仓库（K8s 场景）,API Key 泄露到公共代码仓库（K8s 场景）,0.94,rule,gaia-cpu-mob,False
5:gaia-2021-08-03-2021-08-03_10`:12`:27-cpu_anomalies,1:K8s Pod Pending 无法调度（Insufficient CPU/Memory）,K8s Pod Pending 无法调度（Insufficient CPU/Memory）,0.93,rule,gaia-cpu-db,False
5:gaia-2021-08-03-2021-08-03_11`:30`:36-memory_anomalies,1:MongoDB 副本集选举失败,MongoDB 副本集选举失败,0.95,rule,gaia-memory-db,False
5:gaia-2021-08-03-2021-08-03_12`:26`:40-memory_anomalies,1:Apache SSL 握手失败,Apache SSL 握手失败,0.94,rule,gaia-memory-web,False
5:gaia-2021-08-03-2021-08-03_14`:11`:16-memory_anomalies,1:MongoDB 副本集选举失败,MongoDB 副本集选举失败,0.95,rule,gaia-memory-db,False
5:gaia-2021-08-03-2021-08-03_15`:22`:15-memory_anomalies,1:MongoDB 副本集选举失败,MongoDB 副本集选举失败,0.95,rule,gaia-memory-db,False
5:gaia-2021-08-03-2021-08-03_15`:39`:29-memory_anomalies,1:MongoDB 副本集选举失败,MongoDB 副本集选举失败,0.95,rule,gaia-memory-db,False
5:gaia-2021-08-03-2021-08-03_16`:59`:58-memory_anomalies,1:MongoDB 副本集选举失败,MongoDB 副本集选举失败,0.95,rule,gaia-memory-db,False
5:gaia-2021-08-03-2021-08-03_17`:12`:29-memory_anomalies,1:Elasticsearch 写入拒绝（429）,Elasticsearch 写入拒绝（429）,0.94,rule,gaia-memory-log,False
5:gaia-2021-08-03-2021-08-03_17`:20`:27-memory_anomalies,1:Elasticsearch 写入拒绝（429）,Elasticsearch 写入拒绝（429）,0.94,rule,gaia-memory-log,False
5:gaia-2021-08-03-2021-08-03_17`:34`:45-memory_anomalies,1:MongoDB 副本集选举失败,MongoDB 副本集选举失败,0.95,rule,gaia-memory-db,False
5:gaia-2021-08-03-2021-08-03_18`:59`:28-cpu_anomalies,1:API Key 泄露到公共代码仓库（K8s 场景）,API Key 泄露到公共代码仓库（K8s 场景）,0.94,rule,gaia-cpu-mob,False
5:gaia-2021-08-03-2021-08-03_19`:05`:26-memory_anomalies,1:Elasticsearch 写入拒绝（429）,Elasticsearch 写入拒绝（429）,0.94,rule,gaia-memory-log,False
5:gaia-2021-08-03-2021-08-03_19`:17`:01-memory_anomalies,1:Redis Cluster 节点下线导致 slot 不可用,Redis Cluster 节点下线导致 slot 不可用,0.95,rule,gaia-memory-redis,False
5:gaia-2021-08-03-2021-08-03_20`:56`:50-memory_anomalies,1:MongoDB 副本集选举失败,MongoDB 副本集选举失败,0.95,rule,gaia-memory-db,False
5:gaia-2021-08-03-2021-08-03_21`:30`:15-memory_anomalies,1:Apache SSL 握手失败,Apache SSL 握手失败,0.94,rule,gaia-memory-web,False
5:gaia-2021-08-03-2021-08-03_22`:05`:52-cpu_anomalies,1:K8s Pod Pending 无法调度（Insufficient CPU/Memory）,K8s Pod Pending 无法调度（Insufficient CPU/Memory）,0.93,rule,gaia-cpu-redis,False
5:gaia-2021-08-03-2021-08-03_22`:14`:41-memory_anomalies,1:MongoDB 副本集选举失败,MongoDB 副本集选举失败,0.95,rule,gaia-memory-db,False
5:gaia-2021-08-03-2021-08-03_23`:08`:27-memory_anomalies,1:API Key 泄露到公共代码仓库（K8s 场景）,API Key 泄露到公共代码仓库（K8s 场景）,0.95,rule,gaia-memory-mob,False
5:gaia-2021-08-03-2021-08-03_23`:16`:46-memory_anomalies,1:Elasticsearch 写入拒绝（429）,Elasticsearch 写入拒绝（429）,0.94,rule,gaia-memory-log,False
5:gaia-2021-08-03-2021-08-03_23`:43`:17-memory_anomalies,1:Elasticsearch 写入拒绝（429）,Elasticsearch 写入拒绝（429）,0.94,rule,gaia-memory-log,False
5:gaia-2021-08-04-2021-08-04_00`:10`:23-memory_anomalies,1:MongoDB 副本集选举失败,MongoDB 副本集选举失败,0.95,rule,gaia-memory-db,False
5:gaia-2021-08-04-2021-08-04_00`:47`:25-memory_anomalies,1:API Key 泄露到公共代码仓库（K8s 场景）,API Key 泄露到公共代码仓库（K8s 场景）,0.95,rule,gaia-memory-mob,False
5:gaia-2021-08-04-2021-08-04_01`:12`:10-memory_anomalies,1:MongoDB 副本集选举失败,MongoDB 副本集选举失败,0.95,rule,gaia-memory-db,False
5:gaia-2021-08-04-2021-08-04_01`:40`:49-memory_anomalies,1:Elasticsearch 写入拒绝（429）,Elasticsearch 写入拒绝（429）,0.94,rule,gaia-memory-log,False
5:gaia-2021-08-04-2021-08-04_02`:23`:17-memory_anomalies,1:MongoDB 副本集选举失败,MongoDB 副本集选举失败,0.95,rule,gaia-memory-db,False
5:gaia-2021-08-04-2021-08-04_02`:39`:18-cpu_anomalies,1:K8s Pod Pending 无法调度（Insufficient CPU/Memory）,K8s Pod Pending 无法调度（Insufficient CPU/Memory）,0.93,rule,gaia-cpu-db,False
5:gaia-2021-08-04-2021-08-04_05`:05`:58-memory_anomalies,1:Apache SSL 握手失败,Apache SSL 握手失败,0.94,rule,gaia-memory-web,False
5:gaia-2021-08-04-2021-08-04_05`:07`:03-memory_anomalies,1:MongoDB 副本集选举失败,MongoDB 副本集选举失败,0.95,rule,gaia-memory-db,False
5:gaia-2021-08-04-2021-08-04_06`:59`:39-memory_anomalies,1:API Key 泄露到公共代码仓库（K8s 场景）,API Key 泄露到公共代码仓库（K8s 场景）,0.95,rule,gaia-memory-mob,False
5:gaia-2021-08-04-2021-08-04_08`:22`:07-memory_anomalies,1:API Key 泄露到公共代码仓库（K8s 场景）,API Key 泄露到公共代码仓库（K8s 场景）,0.95,rule,gaia-memory-mob,False
5:gaia-2021-08-04-2021-08-04_09`:31`:03-cpu_anomalies,1:API Key 泄露到公共代码仓库（K8s 场景）,API Key 泄露到公共代码仓库（K8s 场景）,0.94,rule,gaia-cpu-mob,False
5:gaia-2021-08-04-2021-08-04_10`:34`:24-memory_anomalies,1:API Key 泄露到公共代码仓库（K8s 场景）,API Key 泄露到公共代码仓库（K8s 场景）,0.95,rule,gaia-memory-mob,False
5:gaia-2021-08-04-2021-08-04_11`:21`:26-memory_anomalies,1:Elasticsearch 写入拒绝（429）,Elasticsearch 写入拒绝（429）,0.94,rule,gaia-memory-log,False
5:gaia-2021-08-04-2021-08-04_12`:14`:33-memory_anomalies,1:Elasticsearch 写入拒绝（429）,Elasticsearch 写入拒绝（429）,0.94,rule,gaia-memory-log,False
5:gaia-2021-08-04-2021-08-04_13`:33`:06-memory_anomalies,1:API Key 泄露到公共代码仓库（K8s 场景）,API Key 泄露到公共代码仓库（K8s 场景）,0.95,rule,gaia-memory-mob,False
5:gaia-2021-08-04-2021-08-04_14`:00`:50-memory_anomalies,1:Apache SSL 握手失败,Apache SSL 握手失败,0.94,rule,gaia-memory-web,False
5:gaia-2021-08-04-2021-08-04_15`:38`:29-memory_anomalies,1:API Key 泄露到公共代码仓库（K8s 场景）,API Key 泄露到公共代码仓库（K8s 场景）,0.95,rule,gaia-memory-mob,False
5:gaia-2021-08-04-2021-08-04_15`:41`:45-memory_anomalies,1:MongoDB 副本集选举失败,MongoDB 副本集选举失败,0.95,rule,gaia-memory-db,False
5:gaia-2021-08-04-2021-08-04_16`:35`:06-memory_anomalies,1:Redis Cluster 节点下线导致 slot 不可用,Redis Cluster 节点下线导致 slot 不可用,0.95,rule,gaia-memory-redis,False
5:gaia-2021-08-04-2021-08-04_17`:05`:23-memory_anomalies,1:MongoDB 副本集选举失败,MongoDB 副本集选举失败,0.95,rule,gaia-memory-db,False
5:gaia-2021-08-04-2021-08-04_17`:19`:10-memory_anomalies,1:Apache SSL 握手失败,Apache SSL 握手失败,0.94,rule,gaia-memory-web,False
5:gaia-2021-08-04-2021-08-04_18`:23`:29-cpu_anomalies,1:K8s Pod Pending 无法调度（Insufficient CPU/Memory）,K8s Pod Pending 无法调度（Insufficient CPU/Memory）,0.93,rule,gaia-cpu-db,False
5:gaia-2021-08-04-2021-08-04_19`:30`:16-memory_anomalies,1:MongoDB 副本集选举失败,MongoDB 副本集选举失败,0.95,rule,gaia-memory-db,False
5:gaia-2021-08-04-2021-08-04_20`:54`:17-memory_anomalies,1:MongoDB 副本集选举失败,MongoDB 副本集选举失败,0.95,rule,gaia-memory-db,False
5:gaia-2021-08-04-2021-08-04_21`:00`:43-memory_anomalies,1:Elasticsearch 写入拒绝（429）,Elasticsearch 写入拒绝（429）,0.94,rule,gaia-memory-log,False
5:gaia-2021-08-04-2021-08-04_21`:26`:52-memory_anomalies,1:Apache SSL 握手失败,Apache SSL 握手失败,0.94,rule,gaia-memory-web,False
5:gaia-2021-08-04-2021-08-04_23`:27`:14-memory_anomalies,1:MongoDB 副本集选举失败,MongoDB 副本集选举失败,0.95,rule,gaia-memory-db,False
5:gaia-2021-08-04-2021-08-04_23`:28`:10-memory_anomalies,1:MongoDB 副本集选举失败,MongoDB 副本集选举失败,0.95,rule,gaia-memory-db,False
5:gaia-2021-08-05-2021-08-05_01`:39`:29-memory_anomalies,1:Elasticsearch 写入拒绝（429）,Elasticsearch 写入拒绝（429）,0.94,rule,gaia-memory-log,False
5:gaia-2021-08-05-2021-08-05_01`:41`:46-memory_anomalies,1:MongoDB 副本集选举失败,MongoDB 副本集选举失败,0.95,rule,gaia-memory-db,False
5:gaia-2021-08-05-2021-08-05_02`:53`:15-cpu_anomalies,1:API Key 泄露到公共代码仓库（K8s 场景）,API Key 泄露到公共代码仓库（K8s 场景）,0.94,rule,gaia-cpu-mob,False
5:gaia-2021-08-05-2021-08-05_03`:06`:16-memory_anomalies,1:Elasticsearch 写入拒绝（429）,Elasticsearch 写入拒绝（429）,0.94,rule,gaia-memory-log,False
5:gaia-2021-08-05-2021-08-05_05`:19`:34-memory_anomalies,1:MongoDB 副本集选举失败,MongoDB 副本集选举失败,0.95,rule,gaia-memory-db,False
5:gaia-2021-08-05-2021-08-05_05`:45`:04-cpu_anomalies,1:API Key 泄露到公共代码仓库（K8s 场景）,API Key 泄露到公共代码仓库（K8s 场景）,0.94,rule,gaia-cpu-mob,False
5:gaia-2021-08-05-2021-08-05_05`:57`:49-memory_anomalies,1:MongoDB 副本集选举失败,MongoDB 副本集选举失败,0.95,rule,gaia-memory-db,False
5:gaia-2021-08-05-2021-08-05_06`:17`:41-memory_anomalies,1:MongoDB 副本集选举失败,MongoDB 副本集选举失败,0.95,rule,gaia-memory-db,False
5:gaia-2021-08-05-2021-08-05_08`:48`:02-memory_anomalies,1:MongoDB 副本集选举失败,MongoDB 副本集选举失败,0.95,rule,gaia-memory-db,False
5:gaia-2021-08-05-2021-08-05_08`:51`:52-memory_anomalies,1:API Key 泄露到公共代码仓库（K8s 场景）,API Key 泄露到公共代码仓库（K8s 场景）,0.95,rule,gaia-memory-mob,False
5:gaia-2021-08-05-2021-08-05_09`:02`:54-memory_anomalies,1:Apache SSL 握手失败,Apache SSL 握手失败,0.94,rule,gaia-memory-web,False
5:gaia-2021-08-05-2021-08-05_10`:21`:14-memory_anomalies,1:Elasticsearch 写入拒绝（429）,Elasticsearch 写入拒绝（429）,0.94,rule,gaia-memory-log,False
5:gaia-2021-08-05-2021-08-05_11`:23`:50-memory_anomalies,1:Redis Cluster 节点下线导致 slot 不可用,Redis Cluster 节点下线导致 slot 不可用,0.95,rule,gaia-memory-redis,False
5:gaia-2021-08-05-2021-08-05_11`:31`:06-memory_anomalies,1:API Key 泄露到公共代码仓库（K8s 场景）,API Key 泄露到公共代码仓库（K8s 场景）,0.95,rule,gaia-memory-mob,False
5:gaia-2021-08-05-2021-08-05_11`:52`:25-memory_anomalies,1:Apache SSL 握手失败,Apache SSL 握手失败,0.94,rule,gaia-memory-web,False
5:gaia-2021-08-05-2021-08-05_13`:26`:38-memory_anomalies,1:API Key 泄露到公共代码仓库（K8s 场景）,API Key 泄露到公共代码仓库（K8s 场景）,0.95,rule,gaia-memory-mob,False
5:gaia-2021-08-05-2021-08-05_14`:34`:31-memory_anomalies,1:Elasticsearch 写入拒绝（429）,Elasticsearch 写入拒绝（429）,0.94,rule,gaia-memory-log,False
5:gaia-2021-08-05-2021-08-05_15`:32`:59-memory_anomalies,1:MongoDB 副本集选举失败,MongoDB 副本集选举失败,0.95,rule,gaia-memory-db,False
5:gaia-2021-08-05-2021-08-05_16`:38`:05-memory_anomalies,1:Apache SSL 握手失败,Apache SSL 握手失败,0.94,rule,gaia-memory-web,False
5:gaia-2021-08-05-2021-08-05_17`:00`:07-memory_anomalies,1:Elasticsearch 写入拒绝（429）,Elasticsearch 写入拒绝（429）,0.94,rule,gaia-memory-log,False
5:gaia-2021-08-05-2021-08-05_17`:22`:24-memory_anomalies,1:Redis Cluster 节点下线导致 slot 不可用,Redis Cluster 节点下线导致 slot 不可用,0.95,rule,gaia-memory-redis,False
5:gaia-2021-08-05-2021-08-05_17`:53`:44-memory_anomalies,1:API Key 泄露到公共代码仓库（K8s 场景）,API Key 泄露到公共代码仓库（K8s 场景）,0.95,rule,gaia-memory-mob,False
5:gaia-2021-08-05-2021-08-05_18`:59`:36-memory_anomalies,1:Apache SSL 握手失败,Apache SSL 握手失败,0.94,rule,gaia-memory-web,False
5:gaia-2021-08-05-2021-08-05_20`:04`:25-cpu_anomalies,1:API Key 泄露到公共代码仓库（K8s 场景）,API Key 泄露到公共代码仓库（K8s 场景）,0.94,rule,gaia-cpu-mob,False
5:gaia-2021-08-05-2021-08-05_21`:47`:27-memory_anomalies,1:Apache SSL 握手失败,Apache SSL 握手失败,0.94,rule,gaia-memory-web,False
5:gaia-2021-08-05-2021-08-05_23`:36`:10-memory_anomalies,1:Elasticsearch 写入拒绝（429）,Elasticsearch 写入拒绝（429）,0.94,rule,gaia-memory-log,False
5:gaia-2021-08-06-2021-08-06_00`:26`:10-memory_anomalies,1:API Key 泄露到公共代码仓库（K8s 场景）,API Key 泄露到公共代码仓库（K8s 场景）,0.95,rule,gaia-memory-mob,False
5:gaia-2021-08-06-2021-08-06_01`:08`:49-memory_anomalies,1:Apache SSL 握手失败,Apache SSL 握手失败,0.94,rule,gaia-memory-web,False
5:gaia-2021-08-06-2021-08-06_02`:47`:51-memory_anomalies,1:API Key 泄露到公共代码仓库（K8s 场景）,API Key 泄露到公共代码仓库（K8s 场景）,0.95,rule,gaia-memory-mob,False
5:gaia-2021-08-06-2021-08-06_02`:56`:40-memory_anomalies,1:Redis Cluster 节点下线导致 slot 不可用,Redis Cluster 节点下线导致 slot 不可用,0.95,rule,gaia-memory-redis,False
5:gaia-2021-08-06-2021-08-06_03`:54`:44-memory_anomalies,1:Redis Cluster 节点下线导致 slot 不可用,Redis Cluster 节点下线导致 slot 不可用,0.95,rule,gaia-memory-redis,False
5:gaia-2021-08-06-2021-08-06_04`:00`:16-memory_anomalies,1:Elasticsearch 写入拒绝（429）,Elasticsearch 写入拒绝（429）,0.94,rule,gaia-memory-log,False
5:gaia-2021-08-06-2021-08-06_04`:44`:17-memory_anomalies,1:Redis Cluster 节点下线导致 slot 不可用,Redis Cluster 节点下线导致 slot 不可用,0.95,rule,gaia-memory-redis,False
5:gaia-2021-08-06-2021-08-06_05`:06`:47-memory_anomalies,1:Apache SSL 握手失败,Apache SSL 握手失败,0.94,rule,gaia-memory-web,False
5:gaia-2021-08-06-2021-08-06_05`:16`:46-memory_anomalies,1:Elasticsearch 写入拒绝（429）,Elasticsearch 写入拒绝（429）,0.94,rule,gaia-memory-log,False
5:gaia-2021-08-06-2021-08-06_07`:26`:38-memory_anomalies,1:Redis Cluster 节点下线导致 slot 不可用,Redis Cluster 节点下线导致 slot 不可用,0.95,rule,gaia-memory-redis,False
5:gaia-2021-08-06-2021-08-06_07`:32`:31-memory_anomalies,1:Elasticsearch 写入拒绝（429）,Elasticsearch 写入拒绝（429）,0.94,rule,gaia-memory-log,False
5:gaia-2021-08-06-2021-08-06_08`:40`:40-memory_anomalies,1:API Key 泄露到公共代码仓库（K8s 场景）,API Key 泄露到公共代码仓库（K8s 场景）,0.95,rule,gaia-memory-mob,False
5:gaia-2021-08-06-2021-08-06_08`:56`:07-cpu_anomalies,1:K8s Pod Pending 无法调度（Insufficient CPU/Memory）,K8s Pod Pending 无法调度（Insufficient CPU/Memory）,0.93,rule,gaia-cpu-redis,False
5:gaia-2021-08-06-2021-08-06_09`:44`:05-memory_anomalies,1:Elasticsearch 写入拒绝（429）,Elasticsearch 写入拒绝（429）,0.94,rule,gaia-memory-log,False
5:gaia-2021-08-06-2021-08-06_09`:54`:11-memory_anomalies,1:API Key 泄露到公共代码仓库（K8s 场景）,API Key 泄露到公共代码仓库（K8s 场景）,0.95,rule,gaia-memory-mob,False
5:gaia-2021-08-06-2021-08-06_10`:15`:23-memory_anomalies,1:Elasticsearch 写入拒绝（429）,Elasticsearch 写入拒绝（429）,0.94,rule,gaia-memory-log,False
5:gaia-2021-08-06-2021-08-06_14`:20`:57-memory_anomalies,1:Elasticsearch 写入拒绝（429）,Elasticsearch 写入拒绝（429）,0.94,rule,gaia-memory-log,False
5:gaia-2021-08-06-2021-08-06_14`:30`:21-memory_anomalies,1:MongoDB 副本集选举失败,MongoDB 副本集选举失败,0.95,rule,gaia-memory-db,False
5:gaia-2021-08-06-2021-08-06_14`:45`:18-memory_anomalies,1:Apache SSL 握手失败,Apache SSL 握手失败,0.94,rule,gaia-memory-web,False
5:gaia-2021-08-06-2021-08-06_15`:20`:12-memory_anomalies,1:Elasticsearch 写入拒绝（429）,Elasticsearch 写入拒绝（429）,0.94,rule,gaia-memory-log,False
5:gaia-2021-08-06-2021-08-06_15`:26`:27-memory_anomalies,1:API Key 泄露到公共代码仓库（K8s 场景）,API Key 泄露到公共代码仓库（K8s 场景）,0.95,rule,gaia-memory-mob,False
5:gaia-2021-08-06-2021-08-06_15`:40`:17-memory_anomalies,1:Apache SSL 握手失败,Apache SSL 握手失败,0.94,rule,gaia-memory-web,False
5:gaia-2021-08-06-2021-08-06_16`:19`:59-cpu_anomalies,1:API Key 泄露到公共代码仓库（K8s 场景）,API Key 泄露到公共代码仓库（K8s 场景）,0.94,rule,gaia-cpu-mob,False
5:gaia-2021-08-06-2021-08-06_17`:13`:35-memory_anomalies,1:MongoDB 副本集选举失败,MongoDB 副本集选举失败,0.95,rule,gaia-memory-db,False
5:gaia-2021-08-06-2021-08-06_17`:29`:22-memory_anomalies,1:Apache SSL 握手失败,Apache SSL 握手失败,0.94,rule,gaia-memory-web,False
5:gaia-2021-08-06-2021-08-06_17`:30`:20-memory_anomalies,1:Redis Cluster 节点下线导致 slot 不可用,Redis Cluster 节点下线导致 slot 不可用,0.95,rule,gaia-memory-redis,False
5:gaia-2021-08-06-2021-08-06_18`:39`:53-memory_anomalies,1:Apache SSL 握手失败,Apache SSL 握手失败,0.94,rule,gaia-memory-web,False
5:gaia-2021-08-06-2021-08-06_19`:22`:07-cpu_anomalies,1:API Key 泄露到公共代码仓库（K8s 场景）,API Key 泄露到公共代码仓库（K8s 场景）,0.94,rule,gaia-cpu-mob,False
5:gaia-2021-08-06-2021-08-06_19`:35`:59-memory_anomalies,1:API Key 泄露到公共代码仓库（K8s 场景）,API Key 泄露到公共代码仓库（K8s 场景）,0.95,rule,gaia-memory-mob,False
5:gaia-2021-08-06-2021-08-06_19`:45`:55-memory_anomalies,1:Redis Cluster 节点下线导致 slot 不可用,Redis Cluster 节点下线导致 slot 不可用,0.95,rule,gaia-memory-redis,False
5:gaia-2021-08-06-2021-08-06_21`:57`:54-memory_anomalies,1:Apache SSL 握手失败,Apache SSL 握手失败,0.94,rule,gaia-memory-web,False
5:gaia-2021-08-07-2021-08-07_01`:22`:48-memory_anomalies,1:Redis Cluster 节点下线导致 slot 不可用,Redis Cluster 节点下线导致 slot 不可用,0.95,rule,gaia-memory-redis,False
5:gaia-2021-08-07-2021-08-07_01`:36`:50-memory_anomalies,1:MongoDB 副本集选举失败,MongoDB 副本集选举失败,0.95,rule,gaia-memory-db,False
5:gaia-2021-08-07-2021-08-07_01`:54`:26-memory_anomalies,1:API Key 泄露到公共代码仓库（K8s 场景）,API Key 泄露到公共代码仓库（K8s 场景）,0.95,rule,gaia-memory-mob,False
5:gaia-2021-08-07-2021-08-07_02`:20`:18-memory_anomalies,1:API Key 泄露到公共代码仓库（K8s 场景）,API Key 泄露到公共代码仓库（K8s 场景）,0.95,rule,gaia-memory-mob,False
5:gaia-2021-08-07-2021-08-07_03`:45`:35-memory_anomalies,1:API Key 泄露到公共代码仓库（K8s 场景）,API Key 泄露到公共代码仓库（K8s 场景）,0.95,rule,gaia-memory-mob,False
5:gaia-2021-08-07-2021-08-07_04`:22`:02-memory_anomalies,1:Redis Cluster 节点下线导致 slot 不可用,Redis Cluster 节点下线导致 slot 不可用,0.95,rule,gaia-memory-redis,False
5:gaia-2021-08-07-2021-08-07_05`:03`:01-memory_anomalies,1:API Key 泄露到公共代码仓库（K8s 场景）,API Key 泄露到公共代码仓库（K8s 场景）,0.95,rule,gaia-memory-mob,False
5:gaia-2021-08-07-2021-08-07_05`:06`:20-memory_anomalies,1:Elasticsearch 写入拒绝（429）,Elasticsearch 写入拒绝（429）,0.94,rule,gaia-memory-log,False
5:gaia-2021-08-07-2021-08-07_06`:11`:55-memory_anomalies,1:Apache SSL 握手失败,Apache SSL 握手失败,0.94,rule,gaia-memory-web,False
5:gaia-2021-08-07-2021-08-07_07`:20`:04-memory_anomalies,1:Apache SSL 握手失败,Apache SSL 握手失败,0.94,rule,gaia-memory-web,False
5:gaia-2021-08-07-2021-08-07_07`:43`:43-cpu_anomalies,1:K8s Pod Pending 无法调度（Insufficient CPU/Memory）,K8s Pod Pending 无法调度（Insufficient CPU/Memory）,0.93,rule,gaia-cpu-db,False
5:gaia-2021-08-07-2021-08-07_08`:35`:32-memory_anomalies,1:MongoDB 副本集选举失败,MongoDB 副本集选举失败,0.95,rule,gaia-memory-db,False
5:gaia-2021-08-07-2021-08-07_10`:00`:18-memory_anomalies,1:Apache SSL 握手失败,Apache SSL 握手失败,0.94,rule,gaia-memory-web,False
5:gaia-2021-08-07-2021-08-07_10`:04`:09-memory_anomalies,1:API Key 泄露到公共代码仓库（K8s 场景）,API Key 泄露到公共代码仓库（K8s 场景）,0.95,rule,gaia-memory-mob,False
5:gaia-2021-08-07-2021-08-07_10`:55`:53-memory_anomalies,1:MongoDB 副本集选举失败,MongoDB 副本集选举失败,0.95,rule,gaia-memory-db,False
5:gaia-2021-08-07-2021-08-07_11`:45`:48-memory_anomalies,1:API Key 泄露到公共代码仓库（K8s 场景）,API Key 泄露到公共代码仓库（K8s 场景）,0.95,rule,gaia-memory-mob,False
5:gaia-2021-08-07-2021-08-07_11`:51`:24-memory_anomalies,1:Redis Cluster 节点下线导致 slot 不可用,Redis Cluster 节点下线导致 slot 不可用,0.95,rule,gaia-memory-redis,False
5:gaia-2021-08-07-2021-08-07_12`:10`:27-memory_anomalies,1:MongoDB 副本集选举失败,MongoDB 副本集选举失败,0.95,rule,gaia-memory-db,False
5:gaia-2021-08-07-2021-08-07_12`:39`:30-cpu_anomalies,1:K8s Pod Pending 无法调度（Insufficient CPU/Memory）,K8s Pod Pending 无法调度（Insufficient CPU/Memory）,0.93,rule,gaia-cpu-db,False
5:gaia-2021-08-07-2021-08-07_13`:25`:10-cpu_anomalies,1:K8s Pod Pending 无法调度（Insufficient CPU/Memory）,K8s Pod Pending 无法调度（Insufficient CPU/Memory）,0.93,rule,gaia-cpu-db,False
5:gaia-2021-08-07-2021-08-07_13`:42`:42-memory_anomalies,1:MongoDB 副本集选举失败,MongoDB 副本集选举失败,0.95,rule,gaia-memory-db,False
5:gaia-2021-08-07-2021-08-07_14`:09`:13-memory_anomalies,1:Redis Cluster 节点下线导致 slot 不可用,Redis Cluster 节点下线导致 slot 不可用,0.95,rule,gaia-memory-redis,False
5:gaia-2021-08-07-2021-08-07_15`:19`:22-memory_anomalies,1:Elasticsearch 写入拒绝（429）,Elasticsearch 写入拒绝（429）,0.94,rule,gaia-memory-log,False
5:gaia-2021-08-07-2021-08-07_17`:12`:24-memory_anomalies,1:Elasticsearch 写入拒绝（429）,Elasticsearch 写入拒绝（429）,0.94,rule,gaia-memory-log,False
5:gaia-2021-08-07-2021-08-07_20`:22`:55-memory_anomalies,1:Redis Cluster 节点下线导致 slot 不可用,Redis Cluster 节点下线导致 slot 不可用,0.95,rule,gaia-memory-redis,False
5:gaia-2021-08-07-2021-08-07_21`:12`:51-cpu_anomalies,1:API Key 泄露到公共代码仓库（K8s 场景）,API Key 泄露到公共代码仓库（K8s 场景）,0.94,rule,gaia-cpu-mob,False
5:gaia-2021-08-08-2021-08-08_00`:43`:14-memory_anomalies,1:API Key 泄露到公共代码仓库（K8s 场景）,API Key 泄露到公共代码仓库（K8s 场景）,0.95,rule,gaia-memory-mob,False
5:gaia-2021-08-08-2021-08-08_02`:36`:59-memory_anomalies,1:Elasticsearch 写入拒绝（429）,Elasticsearch 写入拒绝（429）,0.94,rule,gaia-memory-log,False
5:gaia-2021-08-08-2021-08-08_03`:43`:27-memory_anomalies,1:API Key 泄露到公共代码仓库（K8s 场景）,API Key 泄露到公共代码仓库（K8s 场景）,0.95,rule,gaia-memory-mob,False
5:gaia-2021-08-08-2021-08-08_06`:03`:43-memory_anomalies,1:MongoDB 副本集选举失败,MongoDB 副本集选举失败,0.95,rule,gaia-memory-db,False
5:gaia-2021-08-08-2021-08-08_08`:10`:37-memory_anomalies,1:Elasticsearch 写入拒绝（429）,Elasticsearch 写入拒绝（429）,0.94,rule,gaia-memory-log,False
5:gaia-2021-08-08-2021-08-08_08`:45`:20-memory_anomalies,1:Elasticsearch 写入拒绝（429）,Elasticsearch 写入拒绝（429）,0.94,rule,gaia-memory-log,False
5:gaia-2021-08-08-2021-08-08_08`:55`:23-memory_anomalies,1:Apache SSL 握手失败,Apache SSL 握手失败,0.94,rule,gaia-memory-web,False
5:gaia-2021-08-08-2021-08-08_10`:20`:20-memory_anomalies,1:Elasticsearch 写入拒绝（429）,Elasticsearch 写入拒绝（429）,0.94,rule,gaia-memory-log,False
5:gaia-2021-08-08-2021-08-08_11`:16`:31-memory_anomalies,1:Elasticsearch 写入拒绝（429）,Elasticsearch 写入拒绝（429）,0.94,rule,gaia-memory-log,False
5:gaia-2021-08-08-2021-08-08_12`:22`:18-memory_anomalies,1:Redis Cluster 节点下线导致 slot 不可用,Redis Cluster 节点下线导致 slot 不可用,0.95,rule,gaia-memory-redis,False
5:gaia-2021-08-08-2021-08-08_12`:29`:30-memory_anomalies,1:API Key 泄露到公共代码仓库（K8s 场景）,API Key 泄露到公共代码仓库（K8s 场景）,0.95,rule,gaia-memory-mob,False
5:gaia-2021-08-08-2021-08-08_12`:42`:05-memory_anomalies,1:Apache SSL 握手失败,Apache SSL 握手失败,0.94,rule,gaia-memory-web,False
5:gaia-2021-08-08-2021-08-08_13`:29`:19-memory_anomalies,1:Redis Cluster 节点下线导致 slot 不可用,Redis Cluster 节点下线导致 slot 不可用,0.95,rule,gaia-memory-redis,False
5:gaia-2021-08-08-2021-08-08_14`:08`:26-memory_anomalies,1:MongoDB 副本集选举失败,MongoDB 副本集选举失败,0.95,rule,gaia-memory-db,False
5:gaia-2021-08-08-2021-08-08_15`:35`:53-cpu_anomalies,1:K8s Pod Pending 无法调度（Insufficient CPU/Memory）,K8s Pod Pending 无法调度（Insufficient CPU/Memory）,0.93,rule,gaia-cpu-db,False
5:gaia-2021-08-08-2021-08-08_15`:51`:01-memory_anomalies,1:Redis Cluster 节点下线导致 slot 不可用,Redis Cluster 节点下线导致 slot 不可用,0.95,rule,gaia-memory-redis,False
5:gaia-2021-08-08-2021-08-08_17`:44`:02-memory_anomalies,1:API Key 泄露到公共代码仓库（K8s 场景）,API Key 泄露到公共代码仓库（K8s 场景）,0.95,rule,gaia-memory-mob,False
5:gaia-2021-08-08-2021-08-08_18`:49`:39-memory_anomalies,1:Apache SSL 握手失败,Apache SSL 握手失败,0.94,rule,gaia-memory-web,False
5:gaia-2021-08-08-2021-08-08_19`:36`:52-memory_anomalies,1:Redis Cluster 节点下线导致 slot 不可用,Redis Cluster 节点下线导致 slot 不可用,0.95,rule,gaia-memory-redis,False
5:gaia-2021-08-08-2021-08-08_20`:02`:42-memory_anomalies,1:Redis Cluster 节点下线导致 slot 不可用,Redis Cluster 节点下线导致 slot 不可用,0.95,rule,gaia-memory-redis,False
5:gaia-2021-08-08-2021-08-08_20`:52`:46-memory_anomalies,1:Apache SSL 握手失败,Apache SSL 握手失败,0.94,rule,gaia-memory-web,False
5:gaia-2021-08-08-2021-08-08_22`:04`:37-memory_anomalies,1:Elasticsearch 写入拒绝（429）,Elasticsearch 写入拒绝（429）,0.94,rule,gaia-memory-log,False
5:gaia-2021-08-08-2021-08-08_23`:19`:15-memory_anomalies,1:Apache SSL 握手失败,Apache SSL 握手失败,0.94,rule,gaia-memory-web,False
5:gaia-2021-08-08-2021-08-08_23`:54`:56-memory_anomalies,1:Redis Cluster 节点下线导致 slot 不可用,Redis Cluster 节点下线导致 slot 不可用,0.95,rule,gaia-memory-redis,False
5:gaia-2021-08-09-2021-08-09_02`:54`:11-memory_anomalies,1:API Key 泄露到公共代码仓库（K8s 场景）,API Key 泄露到公共代码仓库（K8s 场景）,0.95,rule,gaia-memory-mob,False
5:gaia-2021-08-09-2021-08-09_03`:58`:27-memory_anomalies,1:API Key 泄露到公共代码仓库（K8s 场景）,API Key 泄露到公共代码仓库（K8s 场景）,0.95,rule,gaia-memory-mob,False
5:gaia-2021-08-09-2021-08-09_04`:55`:11-memory_anomalies,1:MongoDB 副本集选举失败,MongoDB 副本集选举失败,0.95,rule,gaia-memory-db,False
5:gaia-2021-08-09-2021-08-09_06`:52`:52-memory_anomalies,1:MongoDB 副本集选举失败,MongoDB 副本集选举失败,0.95,rule,gaia-memory-db,False
5:gaia-2021-08-09-2021-08-09_08`:34`:45-memory_anomalies,1:Redis Cluster 节点下线导致 slot 不可用,Redis Cluster 节点下线导致 slot 不可用,0.95,rule,gaia-memory-redis,False
5:gaia-2021-08-09-2021-08-09_08`:59`:46-memory_anomalies,1:MongoDB 副本集选举失败,MongoDB 副本集选举失败,0.95,rule,gaia-memory-db,False
5:gaia-2021-08-09-2021-08-09_09`:01`:32-memory_anomalies,1:API Key 泄露到公共代码仓库（K8s 场景）,API Key 泄露到公共代码仓库（K8s 场景）,0.95,rule,gaia-memory-mob,False
5:gaia-2021-08-09-2021-08-09_09`:18`:36-memory_anomalies,1:Apache SSL 握手失败,Apache SSL 握手失败,0.94,rule,gaia-memory-web,False
5:gaia-2021-08-09-2021-08-09_09`:34`:20-memory_anomalies,1:Redis Cluster 节点下线导致 slot 不可用,Redis Cluster 节点下线导致 slot 不可用,0.95,rule,gaia-memory-redis,False
5:gaia-2021-08-09-2021-08-09_10`:11`:37-memory_anomalies,1:Elasticsearch 写入拒绝（429）,Elasticsearch 写入拒绝（429）,0.94,rule,gaia-memory-log,False
5:gaia-2021-08-09-2021-08-09_11`:01`:54-memory_anomalies,1:API Key 泄露到公共代码仓库（K8s 场景）,API Key 泄露到公共代码仓库（K8s 场景）,0.95,rule,gaia-memory-mob,False
5:gaia-2021-08-09-2021-08-09_12`:07`:11-cpu_anomalies,1:K8s Pod Pending 无法调度（Insufficient CPU/Memory）,K8s Pod Pending 无法调度（Insufficient CPU/Memory）,0.93,rule,gaia-cpu-db,False
5:gaia-2021-08-09-2021-08-09_13`:03`:04-memory_anomalies,1:API Key 泄露到公共代码仓库（K8s 场景）,API Key 泄露到公共代码仓库（K8s 场景）,0.95,rule,gaia-memory-mob,False
5:gaia-2021-08-09-2021-08-09_13`:10`:09-memory_anomalies,1:Redis Cluster 节点下线导致 slot 不可用,Redis Cluster 节点下线导致 slot 不可用,0.95,rule,gaia-memory-redis,False
5:gaia-2021-08-09-2021-08-09_15`:23`:48-memory_anomalies,1:API Key 泄露到公共代码仓库（K8s 场景）,API Key 泄露到公共代码仓库（K8s 场景）,0.95,rule,gaia-memory-mob,False
5:gaia-2021-08-09-2021-08-09_16`:01`:44-memory_anomalies,1:API Key 泄露到公共代码仓库（K8s 场景）,API Key 泄露到公共代码仓库（K8s 场景）,0.95,rule,gaia-memory-mob,False
5:gaia-2021-08-09-2021-08-09_18`:46`:37-memory_anomalies,1:Apache SSL 握手失败,Apache SSL 握手失败,0.94,rule,gaia-memory-web,False
5:gaia-2021-08-09-2021-08-09_23`:10`:00-memory_anomalies,1:Redis Cluster 节点下线导致 slot 不可用,Redis Cluster 节点下线导致 slot 不可用,0.95,rule,gaia-memory-redis,False
5:gaia-2021-08-10-2021-08-10_00`:30`:26-memory_anomalies,1:Elasticsearch 写入拒绝（429）,Elasticsearch 写入拒绝（429）,0.94,rule,gaia-memory-log,False
5:gaia-2021-08-10-2021-08-10_02`:22`:42-memory_anomalies,1:Elasticsearch 写入拒绝（429）,Elasticsearch 写入拒绝（429）,0.94,rule,gaia-memory-log,False
5:gaia-2021-08-10-2021-08-10_03`:06`:53-memory_anomalies,1:API Key 泄露到公共代码仓库（K8s 场景）,API Key 泄露到公共代码仓库（K8s 场景）,0.95,rule,gaia-memory-mob,False
5:gaia-2021-08-10-2021-08-10_04`:21`:29-memory_anomalies,1:Elasticsearch 写入拒绝（429）,Elasticsearch 写入拒绝（429）,0.94,rule,gaia-memory-log,False
5:gaia-2021-08-10-2021-08-10_04`:22`:48-cpu_anomalies,1:API Key 泄露到公共代码仓库（K8s 场景）,API Key 泄露到公共代码仓库（K8s 场景）,0.94,rule,gaia-cpu-mob,False
5:gaia-2021-08-10-2021-08-10_04`:36`:44-memory_anomalies,1:Elasticsearch 写入拒绝（429）,Elasticsearch 写入拒绝（429）,0.94,rule,gaia-memory-log,False
5:gaia-2021-08-10-2021-08-10_04`:54`:10-memory_anomalies,1:API Key 泄露到公共代码仓库（K8s 场景）,API Key 泄露到公共代码仓库（K8s 场景）,0.95,rule,gaia-memory-mob,False
5:gaia-2021-08-10-2021-08-10_05`:01`:52-memory_anomalies,1:MongoDB 副本集选举失败,MongoDB 副本集选举失败,0.95,rule,gaia-memory-db,False
5:gaia-2021-08-10-2021-08-10_08`:26`:07-memory_anomalies,1:Elasticsearch 写入拒绝（429）,Elasticsearch 写入拒绝（429）,0.94,rule,gaia-memory-log,False
5:gaia-2021-08-10-2021-08-10_09`:28`:20-memory_anomalies,1:API Key 泄露到公共代码仓库（K8s 场景）,API Key 泄露到公共代码仓库（K8s 场景）,0.95,rule,gaia-memory-mob,False
5:gaia-2021-08-10-2021-08-10_09`:34`:20-memory_anomalies,1:Elasticsearch 写入拒绝（429）,Elasticsearch 写入拒绝（429）,0.94,rule,gaia-memory-log,False
5:gaia-2021-08-10-2021-08-10_11`:28`:51-memory_anomalies,1:Elasticsearch 写入拒绝（429）,Elasticsearch 写入拒绝（429）,0.94,rule,gaia-memory-log,False
5:gaia-2021-08-10-2021-08-10_14`:05`:13-memory_anomalies,1:Apache SSL 握手失败,Apache SSL 握手失败,0.94,rule,gaia-memory-web,False
5:gaia-2021-08-10-2021-08-10_14`:50`:57-memory_anomalies,1:MongoDB 副本集选举失败,MongoDB 副本集选举失败,0.95,rule,gaia-memory-db,False
5:gaia-2021-08-10-2021-08-10_16`:10`:11-memory_anomalies,1:MongoDB 副本集选举失败,MongoDB 副本集选举失败,0.95,rule,gaia-memory-db,False
5:gaia-2021-08-10-2021-08-10_17`:38`:32-memory_anomalies,1:Apache SSL 握手失败,Apache SSL 握手失败,0.94,rule,gaia-memory-web,False
5:gaia-2021-08-10-2021-08-10_17`:44`:45-memory_anomalies,1:MongoDB 副本集选举失败,MongoDB 副本集选举失败,0.95,rule,gaia-memory-db,False
5:gaia-2021-08-10-2021-08-10_18`:56`:22-memory_anomalies,1:Redis Cluster 节点下线导致 slot 不可用,Redis Cluster 节点下线导致 slot 不可用,0.95,rule,gaia-memory-redis,False
5:gaia-2021-08-10-2021-08-10_18`:57`:13-memory_anomalies,1:MongoDB 副本集选举失败,MongoDB 副本集选举失败,0.95,rule,gaia-memory-db,False
5:gaia-2021-08-10-2021-08-10_20`:26`:29-memory_anomalies,1:API Key 泄露到公共代码仓库（K8s 场景）,API Key 泄露到公共代码仓库（K8s 场景）,0.95,rule,gaia-memory-mob,False
5:gaia-2021-08-10-2021-08-10_20`:36`:57-memory_anomalies,1:Apache SSL 握手失败,Apache SSL 握手失败,0.94,rule,gaia-memory-web,False
5:gaia-2021-08-10-2021-08-10_20`:42`:21-memory_anomalies,1:MongoDB 副本集选举失败,MongoDB 副本集选举失败,0.95,rule,gaia-memory-db,False
5:gaia-2021-08-10-2021-08-10_21`:52`:30-cpu_anomalies,1:K8s Pod Pending 无法调度（Insufficient CPU/Memory）,K8s Pod Pending 无法调度（Insufficient CPU/Memory）,0.93,rule,gaia-cpu-db,False
5:gaia-2021-08-10-2021-08-10_22`:52`:33-memory_anomalies,1:Apache SSL 握手失败,Apache SSL 握手失败,0.94,rule,gaia-memory-web,False
5:gaia-2021-08-10-2021-08-10_23`:04`:11-memory_anomalies,1:Apache SSL 握手失败,Apache SSL 握手失败,0.94,rule,gaia-memory-web,False
5:gaia-2021-08-10-2021-08-10_23`:31`:24-memory_anomalies,1:Elasticsearch 写入拒绝（429）,Elasticsearch 写入拒绝（429）,0.94,rule,gaia-memory-log,False
5:gaia-2021-08-11-2021-08-11_01`:32`:48-memory_anomalies,1:Apache SSL 握手失败,Apache SSL 握手失败,0.94,rule,gaia-memory-web,False
5:gaia-2021-08-11-2021-08-11_02`:46`:25-cpu_anomalies,1:API Key 泄露到公共代码仓库（K8s 场景）,API Key 泄露到公共代码仓库（K8s 场景）,0.94,rule,gaia-cpu-mob,False
5:gaia-2021-08-11-2021-08-11_05`:22`:26-cpu_anomalies,1:K8s Pod Pending 无法调度（Insufficient CPU/Memory）,K8s Pod Pending 无法调度（Insufficient CPU/Memory）,0.93,rule,gaia-cpu-db,False
5:gaia-2021-08-11-2021-08-11_05`:43`:42-memory_anomalies,1:Apache SSL 握手失败,Apache SSL 握手失败,0.94,rule,gaia-memory-web,False
5:gaia-2021-08-11-2021-08-11_07`:26`:03-memory_anomalies,1:Apache SSL 握手失败,Apache SSL 握手失败,0.94,rule,gaia-memory-web,False
5:gaia-2021-08-11-2021-08-11_08`:16`:02-memory_anomalies,1:Redis Cluster 节点下线导致 slot 不可用,Redis Cluster 节点下线导致 slot 不可用,0.95,rule,gaia-memory-redis,False
5:gaia-2021-08-11-2021-08-11_09`:21`:48-memory_anomalies,1:MongoDB 副本集选举失败,MongoDB 副本集选举失败,0.95,rule,gaia-memory-db,False
5:gaia-2021-08-11-2021-08-11_09`:38`:35-memory_anomalies,1:Redis Cluster 节点下线导致 slot 不可用,Redis Cluster 节点下线导致 slot 不可用,0.95,rule,gaia-memory-redis,False
5:gaia-2021-08-11-2021-08-11_10`:03`:21-memory_anomalies,1:Elasticsearch 写入拒绝（429）,Elasticsearch 写入拒绝（429）,0.94,rule,gaia-memory-log,False
5:gaia-2021-08-11-2021-08-11_10`:22`:50-memory_anomalies,1:MongoDB 副本集选举失败,MongoDB 副本集选举失败,0.95,rule,gaia-memory-db,False
5:gaia-2021-08-11-2021-08-11_12`:34`:28-memory_anomalies,1:MongoDB 副本集选举失败,MongoDB 副本集选举失败,0.95,rule,gaia-memory-db,False
5:gaia-2021-08-11-2021-08-11_13`:01`:37-memory_anomalies,1:API Key 泄露到公共代码仓库（K8s 场景）,API Key 泄露到公共代码仓库（K8s 场景）,0.95,rule,gaia-memory-mob,False
5:gaia-2021-08-11-2021-08-11_13`:17`:34-cpu_anomalies,1:API Key 泄露到公共代码仓库（K8s 场景）,API Key 泄露到公共代码仓库（K8s 场景）,0.94,rule,gaia-cpu-mob,False
5:gaia-2021-08-11-2021-08-11_15`:35`:38-memory_anomalies,1:Elasticsearch 写入拒绝（429）,Elasticsearch 写入拒绝（429）,0.94,rule,gaia-memory-log,False
5:gaia-2021-08-11-2021-08-11_15`:52`:45-memory_anomalies,1:Apache SSL 握手失败,Apache SSL 握手失败,0.94,rule,gaia-memory-web,False
5:gaia-2021-08-11-2021-08-11_15`:56`:42-memory_anomalies,1:API Key 泄露到公共代码仓库（K8s 场景）,API Key 泄露到公共代码仓库（K8s 场景）,0.95,rule,gaia-memory-mob,False
5:gaia-2021-08-11-2021-08-11_16`:17`:37-memory_anomalies,1:Redis Cluster 节点下线导致 slot 不可用,Redis Cluster 节点下线导致 slot 不可用,0.95,rule,gaia-memory-redis,False
5:gaia-2021-08-11-2021-08-11_18`:41`:30-memory_anomalies,1:Apache SSL 握手失败,Apache SSL 握手失败,0.94,rule,gaia-memory-web,False
5:gaia-2021-08-11-2021-08-11_18`:59`:36-memory_anomalies,1:Redis Cluster 节点下线导致 slot 不可用,Redis Cluster 节点下线导致 slot 不可用,0.95,rule,gaia-memory-redis,False
5:gaia-2021-08-11-2021-08-11_19`:08`:39-memory_anomalies,1:Elasticsearch 写入拒绝（429）,Elasticsearch 写入拒绝（429）,0.94,rule,gaia-memory-log,False
5:gaia-2021-08-11-2021-08-11_20`:04`:17-memory_anomalies,1:MongoDB 副本集选举失败,MongoDB 副本集选举失败,0.95,rule,gaia-memory-db,False
5:gaia-2021-08-11-2021-08-11_20`:05`:56-memory_anomalies,1:MongoDB 副本集选举失败,MongoDB 副本集选举失败,0.95,rule,gaia-memory-db,False
5:gaia-2021-08-11-2021-08-11_20`:56`:53-memory_anomalies,1:API Key 泄露到公共代码仓库（K8s 场景）,API Key 泄露到公共代码仓库（K8s 场景）,0.95,rule,gaia-memory-mob,False
5:gaia-2021-08-11-2021-08-11_21`:25`:42-memory_anomalies,1:Redis Cluster 节点下线导致 slot 不可用,Redis Cluster 节点下线导致 slot 不可用,0.95,rule,gaia-memory-redis,False
5:gaia-2021-08-12-2021-08-12_00`:35`:41-memory_anomalies,1:API Key 泄露到公共代码仓库（K8s 场景）,API Key 泄露到公共代码仓库（K8s 场景）,0.95,rule,gaia-memory-mob,False
5:gaia-2021-08-12-2021-08-12_00`:54`:07-memory_anomalies,1:Elasticsearch 写入拒绝（429）,Elasticsearch 写入拒绝（429）,0.94,rule,gaia-memory-log,False
5:gaia-2021-08-12-2021-08-12_01`:16`:52-memory_anomalies,1:MongoDB 副本集选举失败,MongoDB 副本集选举失败,0.95,rule,gaia-memory-db,False
5:gaia-2021-08-12-2021-08-12_01`:27`:52-memory_anomalies,1:MongoDB 副本集选举失败,MongoDB 副本集选举失败,0.95,rule,gaia-memory-db,False
5:gaia-2021-08-12-2021-08-12_01`:28`:39-memory_anomalies,1:API Key 泄露到公共代码仓库（K8s 场景）,API Key 泄露到公共代码仓库（K8s 场景）,0.95,rule,gaia-memory-mob,False
5:gaia-2021-08-12-2021-08-12_01`:30`:27-memory_anomalies,1:Redis Cluster 节点下线导致 slot 不可用,Redis Cluster 节点下线导致 slot 不可用,0.95,rule,gaia-memory-redis,False
5:gaia-2021-08-12-2021-08-12_02`:19`:42-memory_anomalies,1:Elasticsearch 写入拒绝（429）,Elasticsearch 写入拒绝（429）,0.94,rule,gaia-memory-log,False
5:gaia-2021-08-12-2021-08-12_04`:04`:12-memory_anomalies,1:API Key 泄露到公共代码仓库（K8s 场景）,API Key 泄露到公共代码仓库（K8s 场景）,0.95,rule,gaia-memory-mob,False
5:gaia-2021-08-12-2021-08-12_05`:44`:25-memory_anomalies,1:Elasticsearch 写入拒绝（429）,Elasticsearch 写入拒绝（429）,0.94,rule,gaia-memory-log,False
5:gaia-2021-08-12-2021-08-12_06`:03`:13-memory_anomalies,1:Redis Cluster 节点下线导致 slot 不可用,Redis Cluster 节点下线导致 slot 不可用,0.95,rule,gaia-memory-redis,False
5:gaia-2021-08-12-2021-08-12_06`:38`:05-memory_anomalies,1:Redis Cluster 节点下线导致 slot 不可用,Redis Cluster 节点下线导致 slot 不可用,0.95,rule,gaia-memory-redis,False
5:gaia-2021-08-12-2021-08-12_06`:44`:16-memory_anomalies,1:MongoDB 副本集选举失败,MongoDB 副本集选举失败,0.95,rule,gaia-memory-db,False
5:gaia-2021-08-12-2021-08-12_06`:51`:09-memory_anomalies,1:API Key 泄露到公共代码仓库（K8s 场景）,API Key 泄露到公共代码仓库（K8s 场景）,0.95,rule,gaia-memory-mob,False
5:gaia-2021-08-12-2021-08-12_06`:53`:50-memory_anomalies,1:Apache SSL 握手失败,Apache SSL 握手失败,0.94,rule,gaia-memory-web,False
5:gaia-2021-08-12-2021-08-12_11`:15`:25-cpu_anomalies,1:Apache SSL 握手失败,Apache SSL 握手失败,0.92,rule,gaia-cpu-web,False
5:gaia-2021-08-12-2021-08-12_11`:22`:02-memory_anomalies,1:Elasticsearch 写入拒绝（429）,Elasticsearch 写入拒绝（429）,0.94,rule,gaia-memory-log,False
5:gaia-2021-08-12-2021-08-12_11`:58`:37-memory_anomalies,1:API Key 泄露到公共代码仓库（K8s 场景）,API Key 泄露到公共代码仓库（K8s 场景）,0.95,rule,gaia-memory-mob,False
5:gaia-2021-08-12-2021-08-12_11`:59`:26-memory_anomalies,1:API Key 泄露到公共代码仓库（K8s 场景）,API Key 泄露到公共代码仓库（K8s 场景）,0.95,rule,gaia-memory-mob,False
5:gaia-2021-08-12-2021-08-12_13`:31`:37-memory_anomalies,1:Redis Cluster 节点下线导致 slot 不可用,Redis Cluster 节点下线导致 slot 不可用,0.95,rule,gaia-memory-redis,False
5:gaia-2021-08-12-2021-08-12_13`:41`:44-memory_anomalies,1:Apache SSL 握手失败,Apache SSL 握手失败,0.94,rule,gaia-memory-web,False
5:gaia-2021-08-12-2021-08-12_13`:50`:49-memory_anomalies,1:MongoDB 副本集选举失败,MongoDB 副本集选举失败,0.95,rule,gaia-memory-db,False
5:gaia-2021-08-12-2021-08-12_14`:54`:52-memory_anomalies,1:Apache SSL 握手失败,Apache SSL 握手失败,0.94,rule,gaia-memory-web,False
5:gaia-2021-08-12-2021-08-12_14`:57`:18-memory_anomalies,1:API Key 泄露到公共代码仓库（K8s 场景）,API Key 泄露到公共代码仓库（K8s 场景）,0.95,rule,gaia-memory-mob,False
5:gaia-2021-08-12-2021-08-12_16`:36`:33-memory_anomalies,1:Apache SSL 握手失败,Apache SSL 握手失败,0.94,rule,gaia-memory-web,False
5:gaia-2021-08-12-2021-08-12_18`:05`:40-memory_anomalies,1:Elasticsearch 写入拒绝（429）,Elasticsearch 写入拒绝（429）,0.94,rule,gaia-memory-log,False
5:gaia-2021-08-12-2021-08-12_19`:44`:06-memory_anomalies,1:Apache SSL 握手失败,Apache SSL 握手失败,0.94,rule,gaia-memory-web,False
5:gaia-2021-08-12-2021-08-12_21`:08`:45-memory_anomalies,1:Redis Cluster 节点下线导致 slot 不可用,Redis Cluster 节点下线导致 slot 不可用,0.95,rule,gaia-memory-redis,False
5:gaia-2021-08-12-2021-08-12_21`:35`:03-memory_anomalies,1:Redis Cluster 节点下线导致 slot 不可用,Redis Cluster 节点下线导致 slot 不可用,0.95,rule,gaia-memory-redis,False
5:gaia-2021-08-12-2021-08-12_22`:26`:19-memory_anomalies,1:MongoDB 副本集选举失败,MongoDB 副本集选举失败,0.95,rule,gaia-memory-db,False
5:gaia-2021-08-12-2021-08-12_23`:06`:20-memory_anomalies,1:API Key 泄露到公共代码仓库（K8s 场景）,API Key 泄露到公共代码仓库（K8s 场景）,0.95,rule,gaia-memory-mob,False
5:gaia-2021-08-13-2021-08-13_00`:56`:26-cpu_anomalies,1:K8s Pod Pending 无法调度（Insufficient CPU/Memory）,K8s Pod Pending 无法调度（Insufficient CPU/Memory）,0.93,rule,gaia-cpu-db,False
5:gaia-2021-08-13-2021-08-13_02`:05`:44-memory_anomalies,1:API Key 泄露到公共代码仓库（K8s 场景）,API Key 泄露到公共代码仓库（K8s 场景）,0.95,rule,gaia-memory-mob,False
5:gaia-2021-08-13-2021-08-13_02`:59`:32-memory_anomalies,1:Elasticsearch 写入拒绝（429）,Elasticsearch 写入拒绝（429）,0.94,rule,gaia-memory-log,False
5:gaia-2021-08-13-2021-08-13_06`:12`:56-memory_anomalies,1:Elasticsearch 写入拒绝（429）,Elasticsearch 写入拒绝（429）,0.94,rule,gaia-memory-log,False
5:gaia-2021-08-13-2021-08-13_07`:57`:14-cpu_anomalies,1:API Key 泄露到公共代码仓库（K8s 场景）,API Key 泄露到公共代码仓库（K8s 场景）,0.94,rule,gaia-cpu-mob,False
5:gaia-2021-08-13-2021-08-13_08`:00`:52-memory_anomalies,1:MongoDB 副本集选举失败,MongoDB 副本集选举失败,0.95,rule,gaia-memory-db,False
5:gaia-2021-08-13-2021-08-13_09`:47`:45-memory_anomalies,1:Redis Cluster 节点下线导致 slot 不可用,Redis Cluster 节点下线导致 slot 不可用,0.95,rule,gaia-memory-redis,False
5:gaia-2021-08-13-2021-08-13_11`:01`:45-cpu_anomalies,1:API Key 泄露到公共代码仓库（K8s 场景）,API Key 泄露到公共代码仓库（K8s 场景）,0.94,rule,gaia-cpu-mob,False
5:gaia-2021-08-13-2021-08-13_12`:52`:52-memory_anomalies,1:Redis Cluster 节点下线导致 slot 不可用,Redis Cluster 节点下线导致 slot 不可用,0.95,rule,gaia-memory-redis,False
5:gaia-2021-08-13-2021-08-13_13`:20`:15-memory_anomalies,1:Apache SSL 握手失败,Apache SSL 握手失败,0.94,rule,gaia-memory-web,False
5:gaia-2021-08-13-2021-08-13_13`:43`:35-memory_anomalies,1:Elasticsearch 写入拒绝（429）,Elasticsearch 写入拒绝（429）,0.94,rule,gaia-memory-log,False
5:gaia-2021-08-13-2021-08-13_13`:51`:36-memory_anomalies,1:Apache SSL 握手失败,Apache SSL 握手失败,0.94,rule,gaia-memory-web,False
5:gaia-2021-08-13-2021-08-13_14`:25`:28-memory_anomalies,1:Apache SSL 握手失败,Apache SSL 握手失败,0.94,rule,gaia-memory-web,False
5:gaia-2021-08-13-2021-08-13_14`:39`:48-memory_anomalies,1:MongoDB 副本集选举失败,MongoDB 副本集选举失败,0.95,rule,gaia-memory-db,False
5:gaia-2021-08-13-2021-08-13_15`:27`:00-memory_anomalies,1:API Key 泄露到公共代码仓库（K8s 场景）,API Key 泄露到公共代码仓库（K8s 场景）,0.95,rule,gaia-memory-mob,False
5:gaia-2021-08-13-2021-08-13_17`:13`:08-memory_anomalies,1:Elasticsearch 写入拒绝（429）,Elasticsearch 写入拒绝（429）,0.94,rule,gaia-memory-log,False
5:gaia-2021-08-13-2021-08-13_17`:32`:24-cpu_anomalies,1:API Key 泄露到公共代码仓库（K8s 场景）,API Key 泄露到公共代码仓库（K8s 场景）,0.94,rule,gaia-cpu-mob,False
5:gaia-2021-08-13-2021-08-13_17`:37`:37-memory_anomalies,1:API Key 泄露到公共代码仓库（K8s 场景）,API Key 泄露到公共代码仓库（K8s 场景）,0.95,rule,gaia-memory-mob,False
5:gaia-2021-08-13-2021-08-13_19`:44`:23-memory_anomalies,1:Apache SSL 握手失败,Apache SSL 握手失败,0.94,rule,gaia-memory-web,False
5:gaia-2021-08-13-2021-08-13_20`:47`:05-memory_anomalies,1:API Key 泄露到公共代码仓库（K8s 场景）,API Key 泄露到公共代码仓库（K8s 场景）,0.95,rule,gaia-memory-mob,False
5:gaia-2021-08-13-2021-08-13_21`:57`:44-memory_anomalies,1:Elasticsearch 写入拒绝（429）,Elasticsearch 写入拒绝（429）,0.94,rule,gaia-memory-log,False
5:gaia-2021-08-14-2021-08-14_00`:38`:08-memory_anomalies,1:Apache SSL 握手失败,Apache SSL 握手失败,0.94,rule,gaia-memory-web,False
5:gaia-2021-08-14-2021-08-14_01`:29`:37-memory_anomalies,1:Apache SSL 握手失败,Apache SSL 握手失败,0.94,rule,gaia-memory-web,False
5:gaia-2021-08-14-2021-08-14_02`:03`:54-memory_anomalies,1:Apache SSL 握手失败,Apache SSL 握手失败,0.94,rule,gaia-memory-web,False
5:gaia-2021-08-14-2021-08-14_02`:25`:15-memory_anomalies,1:MongoDB 副本集选举失败,MongoDB 副本集选举失败,0.95,rule,gaia-memory-db,False
5:gaia-2021-08-14-2021-08-14_03`:49`:04-memory_anomalies,1:MongoDB 副本集选举失败,MongoDB 副本集选举失败,0.95,rule,gaia-memory-db,False
5:gaia-2021-08-14-2021-08-14_05`:53`:25-memory_anomalies,1:Elasticsearch 写入拒绝（429）,Elasticsearch 写入拒绝（429）,0.94,rule,gaia-memory-log,False
5:gaia-2021-08-14-2021-08-14_07`:01`:06-memory_anomalies,1:MongoDB 副本集选举失败,MongoDB 副本集选举失败,0.95,rule,gaia-memory-db,False
5:gaia-2021-08-14-2021-08-14_07`:09`:33-memory_anomalies,1:Elasticsearch 写入拒绝（429）,Elasticsearch 写入拒绝（429）,0.94,rule,gaia-memory-log,False
5:gaia-2021-08-14-2021-08-14_08`:03`:29-memory_anomalies,1:Elasticsearch 写入拒绝（429）,Elasticsearch 写入拒绝（429）,0.94,rule,gaia-memory-log,False
5:gaia-2021-08-14-2021-08-14_08`:29`:22-memory_anomalies,1:Redis Cluster 节点下线导致 slot 不可用,Redis Cluster 节点下线导致 slot 不可用,0.95,rule,gaia-memory-redis,False
5:gaia-2021-08-14-2021-08-14_09`:26`:33-memory_anomalies,1:Elasticsearch 写入拒绝（429）,Elasticsearch 写入拒绝（429）,0.94,rule,gaia-memory-log,False
5:gaia-2021-08-14-2021-08-14_10`:47`:29-memory_anomalies,1:Elasticsearch 写入拒绝（429）,Elasticsearch 写入拒绝（429）,0.94,rule,gaia-memory-log,False
5:gaia-2021-08-14-2021-08-14_13`:11`:26-memory_anomalies,1:MongoDB 副本集选举失败,MongoDB 副本集选举失败,0.95,rule,gaia-memory-db,False
5:gaia-2021-08-14-2021-08-14_13`:38`:40-memory_anomalies,1:Apache SSL 握手失败,Apache SSL 握手失败,0.94,rule,gaia-memory-web,False
5:gaia-2021-08-14-2021-08-14_14`:03`:38-memory_anomalies,1:MongoDB 副本集选举失败,MongoDB 副本集选举失败,0.95,rule,gaia-memory-db,False
5:gaia-2021-08-14-2021-08-14_14`:15`:24-memory_anomalies,1:Elasticsearch 写入拒绝（429）,Elasticsearch 写入拒绝（429）,0.94,rule,gaia-memory-log,False
5:gaia-2021-08-14-2021-08-14_14`:41`:23-memory_anomalies,1:Apache SSL 握手失败,Apache SSL 握手失败,0.94,rule,gaia-memory-web,False
5:gaia-2021-08-14-2021-08-14_15`:26`:48-memory_anomalies,1:Redis Cluster 节点下线导致 slot 不可用,Redis Cluster 节点下线导致 slot 不可用,0.95,rule,gaia-memory-redis,False
5:gaia-2021-08-14-2021-08-14_17`:26`:37-memory_anomalies,1:Redis Cluster 节点下线导致 slot 不可用,Redis Cluster 节点下线导致 slot 不可用,0.95,rule,gaia-memory-redis,False
5:gaia-2021-08-14-2021-08-14_17`:40`:20-memory_anomalies,1:Redis Cluster 节点下线导致 slot 不可用,Redis Cluster 节点下线导致 slot 不可用,0.95,rule,gaia-memory-redis,False
5:gaia-2021-08-14-2021-08-14_17`:56`:19-memory_anomalies,1:API Key 泄露到公共代码仓库（K8s 场景）,API Key 泄露到公共代码仓库（K8s 场景）,0.95,rule,gaia-memory-mob,False
5:gaia-2021-08-14-2021-08-14_18`:35`:41-memory_anomalies,1:Elasticsearch 写入拒绝（429）,Elasticsearch 写入拒绝（429）,0.94,rule,gaia-memory-log,False
5:gaia-2021-08-14-2021-08-14_18`:53`:35-cpu_anomalies,1:API Key 泄露到公共代码仓库（K8s 场景）,API Key 泄露到公共代码仓库（K8s 场景）,0.94,rule,gaia-cpu-mob,False
5:gaia-2021-08-14-2021-08-14_18`:59`:44-memory_anomalies,1:Apache SSL 握手失败,Apache SSL 握手失败,0.94,rule,gaia-memory-web,False
5:gaia-2021-08-14-2021-08-14_20`:33`:31-memory_anomalies,1:Apache SSL 握手失败,Apache SSL 握手失败,0.94,rule,gaia-memory-web,False
5:gaia-2021-08-14-2021-08-14_20`:44`:11-memory_anomalies,1:MongoDB 副本集选举失败,MongoDB 副本集选举失败,0.95,rule,gaia-memory-db,False
5:gaia-2021-08-14-2021-08-14_22`:34`:43-memory_anomalies,1:MongoDB 副本集选举失败,MongoDB 副本集选举失败,0.95,rule,gaia-memory-db,False
5:gaia-2021-08-14-2021-08-14_23`:20`:44-memory_anomalies,1:Apache SSL 握手失败,Apache SSL 握手失败,0.94,rule,gaia-memory-web,False
5:gaia-2021-08-16-2021-08-16_02`:32`:18-memory_anomalies,1:Apache SSL 握手失败,Apache SSL 握手失败,0.94,rule,gaia-memory-web,False
5:gaia-2021-08-16-2021-08-16_03`:28`:19-memory_anomalies,1:Apache SSL 握手失败,Apache SSL 握手失败,0.94,rule,gaia-memory-web,False
5:gaia-2021-08-16-2021-08-16_04`:59`:40-memory_anomalies,1:API Key 泄露到公共代码仓库（K8s 场景）,API Key 泄露到公共代码仓库（K8s 场景）,0.95,rule,gaia-memory-mob,False
5:gaia-2021-08-16-2021-08-16_05`:33`:35-memory_anomalies,1:MongoDB 副本集选举失败,MongoDB 副本集选举失败,0.95,rule,gaia-memory-db,False
5:gaia-2021-08-16-2021-08-16_06`:47`:39-memory_anomalies,1:MongoDB 副本集选举失败,MongoDB 副本集选举失败,0.95,rule,gaia-memory-db,False
5:gaia-2021-08-16-2021-08-16_08`:23`:29-memory_anomalies,1:Apache SSL 握手失败,Apache SSL 握手失败,0.94,rule,gaia-memory-web,False
5:gaia-2021-08-16-2021-08-16_09`:03`:00-memory_anomalies,1:Apache SSL 握手失败,Apache SSL 握手失败,0.94,rule,gaia-memory-web,False
5:gaia-2021-08-16-2021-08-16_09`:59`:03-memory_anomalies,1:Apache SSL 握手失败,Apache SSL 握手失败,0.94,rule,gaia-memory-web,False
5:gaia-2021-08-16-2021-08-16_10`:57`:12-memory_anomalies,1:Elasticsearch 写入拒绝（429）,Elasticsearch 写入拒绝（429）,0.94,rule,gaia-memory-log,False
5:gaia-2021-08-16-2021-08-16_11`:12`:24-memory_anomalies,1:API Key 泄露到公共代码仓库（K8s 场景）,API Key 泄露到公共代码仓库（K8s 场景）,0.95,rule,gaia-memory-mob,False
5:gaia-2021-08-16-2021-08-16_12`:25`:31-memory_anomalies,1:MongoDB 副本集选举失败,MongoDB 副本集选举失败,0.95,rule,gaia-memory-db,False
5:gaia-2021-08-16-2021-08-16_14`:26`:32-memory_anomalies,1:API Key 泄露到公共代码仓库（K8s 场景）,API Key 泄露到公共代码仓库（K8s 场景）,0.95,rule,gaia-memory-mob,False
5:gaia-2021-08-16-2021-08-16_14`:45`:12-memory_anomalies,1:Elasticsearch 写入拒绝（429）,Elasticsearch 写入拒绝（429）,0.94,rule,gaia-memory-log,False
5:gaia-2021-08-16-2021-08-16_15`:36`:40-memory_anomalies,1:Apache SSL 握手失败,Apache SSL 握手失败,0.94,rule,gaia-memory-web,False
5:gaia-2021-08-16-2021-08-16_15`:38`:02-memory_anomalies,1:Apache SSL 握手失败,Apache SSL 握手失败,0.94,rule,gaia-memory-web,False
5:gaia-2021-08-16-2021-08-16_15`:38`:07-memory_anomalies,1:API Key 泄露到公共代码仓库（K8s 场景）,API Key 泄露到公共代码仓库（K8s 场景）,0.95,rule,gaia-memory-mob,False
5:gaia-2021-08-16-2021-08-16_18`:51`:43-memory_anomalies,1:Redis Cluster 节点下线导致 slot 不可用,Redis Cluster 节点下线导致 slot 不可用,0.95,rule,gaia-memory-redis,False
5:gaia-2021-08-16-2021-08-16_19`:58`:15-memory_anomalies,1:MongoDB 副本集选举失败,MongoDB 副本集选举失败,0.95,rule,gaia-memory-db,False
5:gaia-2021-08-16-2021-08-16_21`:22`:30-memory_anomalies,1:Redis Cluster 节点下线导致 slot 不可用,Redis Cluster 节点下线导致 slot 不可用,0.95,rule,gaia-memory-redis,False
5:gaia-2021-08-16-2021-08-16_22`:09`:32-memory_anomalies,1:Elasticsearch 写入拒绝（429）,Elasticsearch 写入拒绝（429）,0.94,rule,gaia-memory-log,False
5:gaia-2021-08-16-2021-08-16_23`:01`:59-memory_anomalies,1:Redis Cluster 节点下线导致 slot 不可用,Redis Cluster 节点下线导致 slot 不可用,0.95,rule,gaia-memory-redis,False
5:gaia-2021-08-16-2021-08-16_23`:28`:00-memory_anomalies,1:Redis Cluster 节点下线导致 slot 不可用,Redis Cluster 节点下线导致 slot 不可用,0.95,rule,gaia-memory-redis,False
5:gaia-2021-08-17-2021-08-17_02`:13`:35-memory_anomalies,1:Elasticsearch 写入拒绝（429）,Elasticsearch 写入拒绝（429）,0.94,rule,gaia-memory-log,False
5:gaia-2021-08-17-2021-08-17_02`:15`:23-memory_anomalies,1:Apache SSL 握手失败,Apache SSL 握手失败,0.94,rule,gaia-memory-web,False
5:gaia-2021-08-17-2021-08-17_03`:28`:37-memory_anomalies,1:Elasticsearch 写入拒绝（429）,Elasticsearch 写入拒绝（429）,0.94,rule,gaia-memory-log,False
5:gaia-2021-08-17-2021-08-17_03`:30`:45-memory_anomalies,1:API Key 泄露到公共代码仓库（K8s 场景）,API Key 泄露到公共代码仓库（K8s 场景）,0.95,rule,gaia-memory-mob,False
5:gaia-2021-08-17-2021-08-17_05`:50`:45-memory_anomalies,1:Apache SSL 握手失败,Apache SSL 握手失败,0.94,rule,gaia-memory-web,False
5:gaia-2021-08-17-2021-08-17_05`:51`:39-memory_anomalies,1:MongoDB 副本集选举失败,MongoDB 副本集选举失败,0.95,rule,gaia-memory-db,False
5:gaia-2021-08-17-2021-08-17_06`:39`:34-memory_anomalies,1:Elasticsearch 写入拒绝（429）,Elasticsearch 写入拒绝（429）,0.94,rule,gaia-memory-log,False
5:gaia-2021-08-17-2021-08-17_06`:58`:34-memory_anomalies,1:Apache SSL 握手失败,Apache SSL 握手失败,0.94,rule,gaia-memory-web,False
5:gaia-2021-08-17-2021-08-17_07`:05`:28-memory_anomalies,1:Redis Cluster 节点下线导致 slot 不可用,Redis Cluster 节点下线导致 slot 不可用,0.95,rule,gaia-memory-redis,False
5:gaia-2021-08-17-2021-08-17_07`:57`:16-memory_anomalies,1:Elasticsearch 写入拒绝（429）,Elasticsearch 写入拒绝（429）,0.94,rule,gaia-memory-log,False
5:gaia-2021-08-17-2021-08-17_08`:11`:23-memory_anomalies,1:Redis Cluster 节点下线导致 slot 不可用,Redis Cluster 节点下线导致 slot 不可用,0.95,rule,gaia-memory-redis,False
5:gaia-2021-08-17-2021-08-17_11`:07`:18-memory_anomalies,1:Apache SSL 握手失败,Apache SSL 握手失败,0.94,rule,gaia-memory-web,False
5:gaia-2021-08-17-2021-08-17_12`:11`:35-memory_anomalies,1:Redis Cluster 节点下线导致 slot 不可用,Redis Cluster 节点下线导致 slot 不可用,0.95,rule,gaia-memory-redis,False
5:gaia-2021-08-17-2021-08-17_13`:15`:46-memory_anomalies,1:Redis Cluster 节点下线导致 slot 不可用,Redis Cluster 节点下线导致 slot 不可用,0.95,rule,gaia-memory-redis,False
5:gaia-2021-08-17-2021-08-17_13`:18`:00-memory_anomalies,1:MongoDB 副本集选举失败,MongoDB 副本集选举失败,0.95,rule,gaia-memory-db,False
5:gaia-2021-08-17-2021-08-17_13`:37`:24-memory_anomalies,1:Apache SSL 握手失败,Apache SSL 握手失败,0.94,rule,gaia-memory-web,False
5:gaia-2021-08-17-2021-08-17_14`:32`:23-memory_anomalies,1:Apache SSL 握手失败,Apache SSL 握手失败,0.94,rule,gaia-memory-web,False
5:gaia-2021-08-17-2021-08-17_15`:28`:00-memory_anomalies,1:Redis Cluster 节点下线导致 slot 不可用,Redis Cluster 节点下线导致 slot 不可用,0.95,rule,gaia-memory-redis,False
5:gaia-2021-08-17-2021-08-17_15`:29`:34-memory_anomalies,1:Apache SSL 握手失败,Apache SSL 握手失败,0.94,rule,gaia-memory-web,False
5:gaia-2021-08-17-2021-08-17_16`:39`:04-memory_anomalies,1:Redis Cluster 节点下线导致 slot 不可用,Redis Cluster 节点下线导致 slot 不可用,0.95,rule,gaia-memory-redis,False
5:gaia-2021-08-17-2021-08-17_17`:17`:38-memory_anomalies,1:API Key 泄露到公共代码仓库（K8s 场景）,API Key 泄露到公共代码仓库（K8s 场景）,0.95,rule,gaia-memory-mob,False
5:gaia-2021-08-17-2021-08-17_17`:44`:45-memory_anomalies,1:Elasticsearch 写入拒绝（429）,Elasticsearch 写入拒绝（429）,0.94,rule,gaia-memory-log,False
5:gaia-2021-08-17-2021-08-17_19`:05`:52-memory_anomalies,1:Elasticsearch 写入拒绝（429）,Elasticsearch 写入拒绝（429）,0.94,rule,gaia-memory-log,False
5:gaia-2021-08-17-2021-08-17_19`:17`:01-memory_anomalies,1:API Key 泄露到公共代码仓库（K8s 场景）,API Key 泄露到公共代码仓库（K8s 场景）,0.95,rule,gaia-memory-mob,False
5:gaia-2021-08-17-2021-08-17_19`:56`:02-memory_anomalies,1:Redis Cluster 节点下线导致 slot 不可用,Redis Cluster 节点下线导致 slot 不可用,0.95,rule,gaia-memory-redis,False
5:gaia-2021-08-17-2021-08-17_20`:22`:14-memory_anomalies,1:Apache SSL 握手失败,Apache SSL 握手失败,0.94,rule,gaia-memory-web,False
5:gaia-2021-08-17-2021-08-17_21`:47`:46-memory_anomalies,1:Apache SSL 握手失败,Apache SSL 握手失败,0.94,rule,gaia-memory-web,False
5:gaia-2021-08-18-2021-08-18_00`:10`:01-memory_anomalies,1:API Key 泄露到公共代码仓库（K8s 场景）,API Key 泄露到公共代码仓库（K8s 场景）,0.95,rule,gaia-memory-mob,False
5:gaia-2021-08-18-2021-08-18_00`:45`:39-memory_anomalies,1:Apache SSL 握手失败,Apache SSL 握手失败,0.94,rule,gaia-memory-web,False
5:gaia-2021-08-18-2021-08-18_01`:24`:29-memory_anomalies,1:Elasticsearch 写入拒绝（429）,Elasticsearch 写入拒绝（429）,0.94,rule,gaia-memory-log,False
5:gaia-2021-08-18-2021-08-18_05`:10`:54-memory_anomalies,1:API Key 泄露到公共代码仓库（K8s 场景）,API Key 泄露到公共代码仓库（K8s 场景）,0.95,rule,gaia-memory-mob,False
5:gaia-2021-08-18-2021-08-18_05`:54`:26-memory_anomalies,1:Apache SSL 握手失败,Apache SSL 握手失败,0.94,rule,gaia-memory-web,False
5:gaia-2021-08-18-2021-08-18_08`:42`:31-memory_anomalies,1:MongoDB 副本集选举失败,MongoDB 副本集选举失败,0.95,rule,gaia-memory-db,False
5:gaia-2021-08-18-2021-08-18_08`:58`:10-cpu_anomalies,1:API Key 泄露到公共代码仓库（K8s 场景）,API Key 泄露到公共代码仓库（K8s 场景）,0.94,rule,gaia-cpu-mob,False
5:gaia-2021-08-18-2021-08-18_10`:21`:26-cpu_anomalies,1:K8s Pod Pending 无法调度（Insufficient CPU/Memory）,K8s Pod Pending 无法调度（Insufficient CPU/Memory）,0.93,rule,gaia-cpu-db,False
5:gaia-2021-08-18-2021-08-18_11`:13`:19-memory_anomalies,1:Apache SSL 握手失败,Apache SSL 握手失败,0.94,rule,gaia-memory-web,False
5:gaia-2021-08-18-2021-08-18_11`:58`:48-memory_anomalies,1:MongoDB 副本集选举失败,MongoDB 副本集选举失败,0.95,rule,gaia-memory-db,False
5:gaia-2021-08-18-2021-08-18_13`:05`:32-memory_anomalies,1:Apache SSL 握手失败,Apache SSL 握手失败,0.94,rule,gaia-memory-web,False
5:gaia-2021-08-18-2021-08-18_13`:42`:27-memory_anomalies,1:Apache SSL 握手失败,Apache SSL 握手失败,0.94,rule,gaia-memory-web,False
5:gaia-2021-08-18-2021-08-18_15`:13`:06-memory_anomalies,1:Elasticsearch 写入拒绝（429）,Elasticsearch 写入拒绝（429）,0.94,rule,gaia-memory-log,False
5:gaia-2021-08-18-2021-08-18_15`:51`:41-memory_anomalies,1:Elasticsearch 写入拒绝（429）,Elasticsearch 写入拒绝（429）,0.94,rule,gaia-memory-log,False
5:gaia-2021-08-18-2021-08-18_16`:03`:35-memory_anomalies,1:MongoDB 副本集选举失败,MongoDB 副本集选举失败,0.95,rule,gaia-memory-db,False
5:gaia-2021-08-18-2021-08-18_16`:36`:57-memory_anomalies,1:Apache SSL 握手失败,Apache SSL 握手失败,0.94,rule,gaia-memory-web,False
5:gaia-2021-08-18-2021-08-18_19`:36`:40-memory_anomalies,1:Elasticsearch 写入拒绝（429）,Elasticsearch 写入拒绝（429）,0.94,rule,gaia-memory-log,False
5:gaia-2021-08-18-2021-08-18_20`:39`:54-memory_anomalies,1:Apache SSL 握手失败,Apache SSL 握手失败,0.94,rule,gaia-memory-web,False
5:gaia-2021-08-18-2021-08-18_23`:09`:15-memory_anomalies,1:Redis Cluster 节点下线导致 slot 不可用,Redis Cluster 节点下线导致 slot 不可用,0.95,rule,gaia-memory-redis,False
5:gaia-2021-08-19-2021-08-19_00`:02`:46-memory_anomalies,1:API Key 泄露到公共代码仓库（K8s 场景）,API Key 泄露到公共代码仓库（K8s 场景）,0.95,rule,gaia-memory-mob,False
5:gaia-2021-08-19-2021-08-19_01`:10`:01-memory_anomalies,1:Apache SSL 握手失败,Apache SSL 握手失败,0.94,rule,gaia-memory-web,False
5:gaia-2021-08-19-2021-08-19_01`:45`:45-memory_anomalies,1:MongoDB 副本集选举失败,MongoDB 副本集选举失败,0.95,rule,gaia-memory-db,False
5:gaia-2021-08-19-2021-08-19_02`:54`:57-memory_anomalies,1:MongoDB 副本集选举失败,MongoDB 副本集选举失败,0.95,rule,gaia-memory-db,False
5:gaia-2021-08-19-2021-08-19_03`:04`:40-memory_anomalies,1:Apache SSL 握手失败,Apache SSL 握手失败,0.94,rule,gaia-memory-web,False
5:gaia-2021-08-19-2021-08-19_04`:02`:00-memory_anomalies,1:Elasticsearch 写入拒绝（429）,Elasticsearch 写入拒绝（429）,0.94,rule,gaia-memory-log,False
5:gaia-2021-08-19-2021-08-19_04`:38`:09-memory_anomalies,1:Elasticsearch 写入拒绝（429）,Elasticsearch 写入拒绝（429）,0.94,rule,gaia-memory-log,False
5:gaia-2021-08-19-2021-08-19_04`:40`:45-memory_anomalies,1:Redis Cluster 节点下线导致 slot 不可用,Redis Cluster 节点下线导致 slot 不可用,0.95,rule,gaia-memory-redis,False
5:gaia-2021-08-19-2021-08-19_04`:57`:10-memory_anomalies,1:Elasticsearch 写入拒绝（429）,Elasticsearch 写入拒绝（429）,0.94,rule,gaia-memory-log,False
5:gaia-2021-08-19-2021-08-19_05`:35`:46-memory_anomalies,1:Redis Cluster 节点下线导致 slot 不可用,Redis Cluster 节点下线导致 slot 不可用,0.95,rule,gaia-memory-redis,False
5:gaia-2021-08-19-2021-08-19_05`:50`:04-memory_anomalies,1:Elasticsearch 写入拒绝（429）,Elasticsearch 写入拒绝（429）,0.94,rule,gaia-memory-log,False
5:gaia-2021-08-19-2021-08-19_06`:18`:20-memory_anomalies,1:API Key 泄露到公共代码仓库（K8s 场景）,API Key 泄露到公共代码仓库（K8s 场景）,0.95,rule,gaia-memory-mob,False
5:gaia-2021-08-19-2021-08-19_06`:40`:55-memory_anomalies,1:API Key 泄露到公共代码仓库（K8s 场景）,API Key 泄露到公共代码仓库（K8s 场景）,0.95,rule,gaia-memory-mob,False
5:gaia-2021-08-19-2021-08-19_06`:58`:41-memory_anomalies,1:Redis Cluster 节点下线导致 slot 不可用,Redis Cluster 节点下线导致 slot 不可用,0.95,rule,gaia-memory-redis,False
5:gaia-2021-08-19-2021-08-19_07`:15`:44-memory_anomalies,1:Redis Cluster 节点下线导致 slot 不可用,Redis Cluster 节点下线导致 slot 不可用,0.95,rule,gaia-memory-redis,False
5:gaia-2021-08-19-2021-08-19_08`:03`:25-memory_anomalies,1:Elasticsearch 写入拒绝（429）,Elasticsearch 写入拒绝（429）,0.94,rule,gaia-memory-log,False
5:gaia-2021-08-19-2021-08-19_08`:43`:01-memory_anomalies,1:Redis Cluster 节点下线导致 slot 不可用,Redis Cluster 节点下线导致 slot 不可用,0.95,rule,gaia-memory-redis,False
5:gaia-2021-08-19-2021-08-19_13`:56`:01-memory_anomalies,1:MongoDB 副本集选举失败,MongoDB 副本集选举失败,0.95,rule,gaia-memory-db,False
5:gaia-2021-08-19-2021-08-19_14`:12`:11-memory_anomalies,1:Redis Cluster 节点下线导致 slot 不可用,Redis Cluster 节点下线导致 slot 不可用,0.95,rule,gaia-memory-redis,False
5:gaia-2021-08-19-2021-08-19_16`:02`:33-memory_anomalies,1:Apache SSL 握手失败,Apache SSL 握手失败,0.94,rule,gaia-memory-web,False
5:gaia-2021-08-19-2021-08-19_17`:50`:34-memory_anomalies,1:Redis Cluster 节点下线导致 slot 不可用,Redis Cluster 节点下线导致 slot 不可用,0.95,rule,gaia-memory-redis,False
5:gaia-2021-08-19-2021-08-19_18`:23`:28-memory_anomalies,1:Elasticsearch 写入拒绝（429）,Elasticsearch 写入拒绝（429）,0.94,rule,gaia-memory-log,False
5:gaia-2021-08-19-2021-08-19_18`:52`:03-memory_anomalies,1:Apache SSL 握手失败,Apache SSL 握手失败,0.94,rule,gaia-memory-web,False
5:gaia-2021-08-19-2021-08-19_19`:12`:47-memory_anomalies,1:Elasticsearch 写入拒绝（429）,Elasticsearch 写入拒绝（429）,0.94,rule,gaia-memory-log,False
5:gaia-2021-08-19-2021-08-19_19`:30`:40-memory_anomalies,1:Elasticsearch 写入拒绝（429）,Elasticsearch 写入拒绝（429）,0.94,rule,gaia-memory-log,False
5:gaia-2021-08-19-2021-08-19_19`:43`:01-cpu_anomalies,1:K8s Pod Pending 无法调度（Insufficient CPU/Memory）,K8s Pod Pending 无法调度（Insufficient CPU/Memory）,0.93,rule,gaia-cpu-db,False
5:gaia-2021-08-19-2021-08-19_19`:46`:12-memory_anomalies,1:Apache SSL 握手失败,Apache SSL 握手失败,0.94,rule,gaia-memory-web,False
5:gaia-2021-08-19-2021-08-19_20`:08`:41-memory_anomalies,1:Elasticsearch 写入拒绝（429）,Elasticsearch 写入拒绝（429）,0.94,rule,gaia-memory-log,False
5:gaia-2021-08-19-2021-08-19_22`:07`:19-memory_anomalies,1:Elasticsearch 写入拒绝（429）,Elasticsearch 写入拒绝（429）,0.94,rule,gaia-memory-log,False
5:gaia-2021-08-19-2021-08-19_23`:38`:00-memory_anomalies,1:Redis Cluster 节点下线导致 slot 不可用,Redis Cluster 节点下线导致 slot 不可用,0.95,rule,gaia-memory-redis,False
5:gaia-2021-08-20-2021-08-20_01`:12`:44-cpu_anomalies,1:API Key 泄露到公共代码仓库（K8s 场景）,API Key 泄露到公共代码仓库（K8s 场景）,0.94,rule,gaia-cpu-mob,False
5:gaia-2021-08-20-2021-08-20_01`:34`:21-memory_anomalies,1:Apache SSL 握手失败,Apache SSL 握手失败,0.94,rule,gaia-memory-web,False
5:gaia-2021-08-20-2021-08-20_02`:09`:02-cpu_anomalies,1:API Key 泄露到公共代码仓库（K8s 场景）,API Key 泄露到公共代码仓库（K8s 场景）,0.94,rule,gaia-cpu-mob,False
5:gaia-2021-08-20-2021-08-20_02`:35`:12-memory_anomalies,1:Apache SSL 握手失败,Apache SSL 握手失败,0.94,rule,gaia-memory-web,False
5:gaia-2021-08-20-2021-08-20_03`:22`:38-memory_anomalies,1:MongoDB 副本集选举失败,MongoDB 副本集选举失败,0.95,rule,gaia-memory-db,False
5:gaia-2021-08-20-2021-08-20_03`:52`:45-memory_anomalies,1:Redis Cluster 节点下线导致 slot 不可用,Redis Cluster 节点下线导致 slot 不可用,0.95,rule,gaia-memory-redis,False
5:gaia-2021-08-20-2021-08-20_05`:56`:03-memory_anomalies,1:API Key 泄露到公共代码仓库（K8s 场景）,API Key 泄露到公共代码仓库（K8s 场景）,0.95,rule,gaia-memory-mob,False
5:gaia-2021-08-20-2021-08-20_06`:46`:32-memory_anomalies,1:Redis Cluster 节点下线导致 slot 不可用,Redis Cluster 节点下线导致 slot 不可用,0.95,rule,gaia-memory-redis,False
5:gaia-2021-08-20-2021-08-20_07`:05`:25-memory_anomalies,1:API Key 泄露到公共代码仓库（K8s 场景）,API Key 泄露到公共代码仓库（K8s 场景）,0.95,rule,gaia-memory-mob,False
5:gaia-2021-08-20-2021-08-20_08`:06`:23-memory_anomalies,1:Apache SSL 握手失败,Apache SSL 握手失败,0.94,rule,gaia-memory-web,False
5:gaia-2021-08-20-2021-08-20_08`:48`:46-cpu_anomalies,1:API Key 泄露到公共代码仓库（K8s 场景）,API Key 泄露到公共代码仓库（K8s 场景）,0.94,rule,gaia-cpu-mob,False
5:gaia-2021-08-20-2021-08-20_10`:30`:58-memory_anomalies,1:Apache SSL 握手失败,Apache SSL 握手失败,0.94,rule,gaia-memory-web,False
5:gaia-2021-08-20-2021-08-20_10`:52`:44-memory_anomalies,1:API Key 泄露到公共代码仓库（K8s 场景）,API Key 泄露到公共代码仓库（K8s 场景）,0.95,rule,gaia-memory-mob,False
5:gaia-2021-08-20-2021-08-20_10`:52`:55-memory_anomalies,1:MongoDB 副本集选举失败,MongoDB 副本集选举失败,0.95,rule,gaia-memory-db,False
5:gaia-2021-08-20-2021-08-20_11`:31`:32-memory_anomalies,1:Redis Cluster 节点下线导致 slot 不可用,Redis Cluster 节点下线导致 slot 不可用,0.95,rule,gaia-memory-redis,False
5:gaia-2021-08-20-2021-08-20_11`:37`:52-cpu_anomalies,1:K8s Pod Pending 无法调度（Insufficient CPU/Memory）,K8s Pod Pending 无法调度（Insufficient CPU/Memory）,0.93,rule,gaia-cpu-db,False
5:gaia-2021-08-20-2021-08-20_12`:48`:23-memory_anomalies,1:Elasticsearch 写入拒绝（429）,Elasticsearch 写入拒绝（429）,0.94,rule,gaia-memory-log,False
5:gaia-2021-08-20-2021-08-20_13`:29`:17-memory_anomalies,1:Redis Cluster 节点下线导致 slot 不可用,Redis Cluster 节点下线导致 slot 不可用,0.95,rule,gaia-memory-redis,False
5:gaia-2021-08-20-2021-08-20_15`:45`:55-memory_anomalies,1:Redis Cluster 节点下线导致 slot 不可用,Redis Cluster 节点下线导致 slot 不可用,0.95,rule,gaia-memory-redis,False
5:gaia-2021-08-20-2021-08-20_16`:16`:50-memory_anomalies,1:Elasticsearch 写入拒绝（429）,Elasticsearch 写入拒绝（429）,0.94,rule,gaia-memory-log,False
5:gaia-2021-08-20-2021-08-20_17`:54`:08-memory_anomalies,1:MongoDB 副本集选举失败,MongoDB 副本集选举失败,0.95,rule,gaia-memory-db,False
5:gaia-2021-08-20-2021-08-20_19`:01`:32-memory_anomalies,1:Apache SSL 握手失败,Apache SSL 握手失败,0.94,rule,gaia-memory-web,False
5:gaia-2021-08-20-2021-08-20_20`:44`:02-memory_anomalies,1:Apache SSL 握手失败,Apache SSL 握手失败,0.94,rule,gaia-memory-web,False
5:gaia-2021-08-20-2021-08-20_21`:00`:32-cpu_anomalies,1:K8s Pod Pending 无法调度（Insufficient CPU/Memory）,K8s Pod Pending 无法调度（Insufficient CPU/Memory）,0.93,rule,gaia-cpu-db,False
5:gaia-2021-08-20-2021-08-20_21`:00`:50-cpu_anomalies,1:API Key 泄露到公共代码仓库（K8s 场景）,API Key 泄露到公共代码仓库（K8s 场景）,0.94,rule,gaia-cpu-mob,False
5:gaia-2021-08-20-2021-08-20_22`:40`:36-memory_anomalies,1:Apache SSL 握手失败,Apache SSL 握手失败,0.94,rule,gaia-memory-web,False
5:gaia-2021-08-21-2021-08-21_00`:31`:13-memory_anomalies,1:Redis Cluster 节点下线导致 slot 不可用,Redis Cluster 节点下线导致 slot 不可用,0.95,rule,gaia-memory-redis,False
5:gaia-2021-08-21-2021-08-21_00`:34`:48-memory_anomalies,1:Apache SSL 握手失败,Apache SSL 握手失败,0.94,rule,gaia-memory-web,False
5:gaia-2021-08-21-2021-08-21_01`:13`:59-memory_anomalies,1:Apache SSL 握手失败,Apache SSL 握手失败,0.94,rule,gaia-memory-web,False
5:gaia-2021-08-21-2021-08-21_02`:25`:03-memory_anomalies,1:MongoDB 副本集选举失败,MongoDB 副本集选举失败,0.95,rule,gaia-memory-db,False
5:gaia-2021-08-21-2021-08-21_03`:59`:31-memory_anomalies,1:Redis Cluster 节点下线导致 slot 不可用,Redis Cluster 节点下线导致 slot 不可用,0.95,rule,gaia-memory-redis,False
5:gaia-2021-08-21-2021-08-21_04`:23`:39-memory_anomalies,1:Redis Cluster 节点下线导致 slot 不可用,Redis Cluster 节点下线导致 slot 不可用,0.95,rule,gaia-memory-redis,False
5:gaia-2021-08-21-2021-08-21_04`:51`:38-memory_anomalies,1:API Key 泄露到公共代码仓库（K8s 场景）,API Key 泄露到公共代码仓库（K8s 场景）,0.95,rule,gaia-memory-mob,False
5:gaia-2021-08-21-2021-08-21_06`:25`:18-memory_anomalies,1:MongoDB 副本集选举失败,MongoDB 副本集选举失败,0.95,rule,gaia-memory-db,False
5:gaia-2021-08-21-2021-08-21_06`:35`:14-memory_anomalies,1:Redis Cluster 节点下线导致 slot 不可用,Redis Cluster 节点下线导致 slot 不可用,0.95,rule,gaia-memory-redis,False
5:gaia-2021-08-21-2021-08-21_06`:39`:50-memory_anomalies,1:Redis Cluster 节点下线导致 slot 不可用,Redis Cluster 节点下线导致 slot 不可用,0.95,rule,gaia-memory-redis,False
5:gaia-2021-08-21-2021-08-21_07`:29`:58-cpu_anomalies,1:K8s Pod Pending 无法调度（Insufficient CPU/Memory）,K8s Pod Pending 无法调度（Insufficient CPU/Memory）,0.93,rule,gaia-cpu-db,False
5:gaia-2021-08-21-2021-08-21_08`:09`:29-memory_anomalies,1:API Key 泄露到公共代码仓库（K8s 场景）,API Key 泄露到公共代码仓库（K8s 场景）,0.95,rule,gaia-memory-mob,False
5:gaia-2021-08-21-2021-08-21_09`:24`:14-memory_anomalies,1:Elasticsearch 写入拒绝（429）,Elasticsearch 写入拒绝（429）,0.94,rule,gaia-memory-log,False
5:gaia-2021-08-21-2021-08-21_12`:31`:45-memory_anomalies,1:API Key 泄露到公共代码仓库（K8s 场景）,API Key 泄露到公共代码仓库（K8s 场景）,0.95,rule,gaia-memory-mob,False
5:gaia-2021-08-21-2021-08-21_12`:42`:59-memory_anomalies,1:Apache SSL 握手失败,Apache SSL 握手失败,0.94,rule,gaia-memory-web,False
5:gaia-2021-08-21-2021-08-21_12`:44`:52-memory_anomalies,1:Apache SSL 握手失败,Apache SSL 握手失败,0.94,rule,gaia-memory-web,False
5:gaia-2021-08-21-2021-08-21_13`:27`:06-memory_anomalies,1:Elasticsearch 写入拒绝（429）,Elasticsearch 写入拒绝（429）,0.94,rule,gaia-memory-log,False
5:gaia-2021-08-21-2021-08-21_16`:25`:51-memory_anomalies,1:API Key 泄露到公共代码仓库（K8s 场景）,API Key 泄露到公共代码仓库（K8s 场景）,0.95,rule,gaia-memory-mob,False
5:gaia-2021-08-21-2021-08-21_16`:46`:01-memory_anomalies,1:Apache SSL 握手失败,Apache SSL 握手失败,0.94,rule,gaia-memory-web,False
5:gaia-2021-08-21-2021-08-21_17`:28`:29-memory_anomalies,1:API Key 泄露到公共代码仓库（K8s 场景）,API Key 泄露到公共代码仓库（K8s 场景）,0.95,rule,gaia-memory-mob,False
5:gaia-2021-08-21-2021-08-21_17`:43`:32-memory_anomalies,1:API Key 泄露到公共代码仓库（K8s 场景）,API Key 泄露到公共代码仓库（K8s 场景）,0.95,rule,gaia-memory-mob,False
5:gaia-2021-08-21-2021-08-21_18`:14`:01-memory_anomalies,1:Redis Cluster 节点下线导致 slot 不可用,Redis Cluster 节点下线导致 slot 不可用,0.95,rule,gaia-memory-redis,False
5:gaia-2021-08-21-2021-08-21_18`:51`:21-memory_anomalies,1:Apache SSL 握手失败,Apache SSL 握手失败,0.94,rule,gaia-memory-web,False
5:gaia-2021-08-21-2021-08-21_19`:38`:33-memory_anomalies,1:Redis Cluster 节点下线导致 slot 不可用,Redis Cluster 节点下线导致 slot 不可用,0.95,rule,gaia-memory-redis,False
5:gaia-2021-08-21-2021-08-21_19`:42`:56-cpu_anomalies,1:K8s Pod Pending 无法调度（Insufficient CPU/Memory）,K8s Pod Pending 无法调度（Insufficient CPU/Memory）,0.93,rule,gaia-cpu-db,False
5:gaia-2021-08-21-2021-08-21_20`:27`:59-memory_anomalies,1:API Key 泄露到公共代码仓库（K8s 场景）,API Key 泄露到公共代码仓库（K8s 场景）,0.95,rule,gaia-memory-mob,False
5:gaia-2021-08-21-2021-08-21_23`:48`:42-memory_anomalies,1:Redis Cluster 节点下线导致 slot 不可用,Redis Cluster 节点下线导致 slot 不可用,0.95,rule,gaia-memory-redis,False
5:gaia-2021-08-22-2021-08-22_00`:06`:48-memory_anomalies,1:MongoDB 副本集选举失败,MongoDB 副本集选举失败,0.95,rule,gaia-memory-db,False
5:gaia-2021-08-22-2021-08-22_00`:08`:14-memory_anomalies,1:Redis Cluster 节点下线导致 slot 不可用,Redis Cluster 节点下线导致 slot 不可用,0.95,rule,gaia-memory-redis,False
5:gaia-2021-08-22-2021-08-22_00`:20`:10-memory_anomalies,1:Apache SSL 握手失败,Apache SSL 握手失败,0.94,rule,gaia-memory-web,False
5:gaia-2021-08-22-2021-08-22_00`:47`:18-memory_anomalies,1:Apache SSL 握手失败,Apache SSL 握手失败,0.94,rule,gaia-memory-web,False
5:gaia-2021-08-22-2021-08-22_01`:17`:10-memory_anomalies,1:MongoDB 副本集选举失败,MongoDB 副本集选举失败,0.95,rule,gaia-memory-db,False
5:gaia-2021-08-22-2021-08-22_02`:15`:02-memory_anomalies,1:MongoDB 副本集选举失败,MongoDB 副本集选举失败,0.95,rule,gaia-memory-db,False
5:gaia-2021-08-22-2021-08-22_02`:54`:07-memory_anomalies,1:MongoDB 副本集选举失败,MongoDB 副本集选举失败,0.95,rule,gaia-memory-db,False
5:gaia-2021-08-22-2021-08-22_03`:20`:52-memory_anomalies,1:Redis Cluster 节点下线导致 slot 不可用,Redis Cluster 节点下线导致 slot 不可用,0.95,rule,gaia-memory-redis,False
5:gaia-2021-08-22-2021-08-22_03`:43`:58-memory_anomalies,1:Apache SSL 握手失败,Apache SSL 握手失败,0.94,rule,gaia-memory-web,False
5:gaia-2021-08-22-2021-08-22_03`:46`:56-memory_anomalies,1:MongoDB 副本集选举失败,MongoDB 副本集选举失败,0.95,rule,gaia-memory-db,False
5:gaia-2021-08-22-2021-08-22_04`:44`:21-memory_anomalies,1:MongoDB 副本集选举失败,MongoDB 副本集选举失败,0.95,rule,gaia-memory-db,False
5:gaia-2021-08-22-2021-08-22_04`:49`:40-memory_anomalies,1:MongoDB 副本集选举失败,MongoDB 副本集选举失败,0.95,rule,gaia-memory-db,False
5:gaia-2021-08-22-2021-08-22_04`:50`:11-memory_anomalies,1:API Key 泄露到公共代码仓库（K8s 场景）,API Key 泄露到公共代码仓库（K8s 场景）,0.95,rule,gaia-memory-mob,False
5:gaia-2021-08-22-2021-08-22_05`:40`:17-cpu_anomalies,1:API Key 泄露到公共代码仓库（K8s 场景）,API Key 泄露到公共代码仓库（K8s 场景）,0.94,rule,gaia-cpu-mob,False
5:gaia-2021-08-22-2021-08-22_07`:45`:45-memory_anomalies,1:API Key 泄露到公共代码仓库（K8s 场景）,API Key 泄露到公共代码仓库（K8s 场景）,0.95,rule,gaia-memory-mob,False
5:gaia-2021-08-22-2021-08-22_08`:53`:01-memory_anomalies,1:Elasticsearch 写入拒绝（429）,Elasticsearch 写入拒绝（429）,0.94,rule,gaia-memory-log,False
5:gaia-2021-08-22-2021-08-22_08`:57`:37-memory_anomalies,1:Redis Cluster 节点下线导致 slot 不可用,Redis Cluster 节点下线导致 slot 不可用,0.95,rule,gaia-memory-redis,False
5:gaia-2021-08-22-2021-08-22_09`:04`:46-memory_anomalies,1:Elasticsearch 写入拒绝（429）,Elasticsearch 写入拒绝（429）,0.94,rule,gaia-memory-log,False
5:gaia-2021-08-22-2021-08-22_09`:49`:08-memory_anomalies,1:Elasticsearch 写入拒绝（429）,Elasticsearch 写入拒绝（429）,0.94,rule,gaia-memory-log,False
5:gaia-2021-08-22-2021-08-22_09`:54`:29-cpu_anomalies,1:API Key 泄露到公共代码仓库（K8s 场景）,API Key 泄露到公共代码仓库（K8s 场景）,0.94,rule,gaia-cpu-mob,False
5:gaia-2021-08-22-2021-08-22_10`:43`:25-memory_anomalies,1:Redis Cluster 节点下线导致 slot 不可用,Redis Cluster 节点下线导致 slot 不可用,0.95,rule,gaia-memory-redis,False
5:gaia-2021-08-22-2021-08-22_11`:13`:34-memory_anomalies,1:Elasticsearch 写入拒绝（429）,Elasticsearch 写入拒绝（429）,0.94,rule,gaia-memory-log,False
5:gaia-2021-08-22-2021-08-22_12`:15`:33-memory_anomalies,1:API Key 泄露到公共代码仓库（K8s 场景）,API Key 泄露到公共代码仓库（K8s 场景）,0.95,rule,gaia-memory-mob,False
5:gaia-2021-08-22-2021-08-22_13`:38`:20-memory_anomalies,1:Apache SSL 握手失败,Apache SSL 握手失败,0.94,rule,gaia-memory-web,False
5:gaia-2021-08-22-2021-08-22_13`:45`:26-memory_anomalies,1:Redis Cluster 节点下线导致 slot 不可用,Redis Cluster 节点下线导致 slot 不可用,0.95,rule,gaia-memory-redis,False
5:gaia-2021-08-22-2021-08-22_15`:44`:47-memory_anomalies,1:API Key 泄露到公共代码仓库（K8s 场景）,API Key 泄露到公共代码仓库（K8s 场景）,0.95,rule,gaia-memory-mob,False
5:gaia-2021-08-22-2021-08-22_17`:16`:57-memory_anomalies,1:Elasticsearch 写入拒绝（429）,Elasticsearch 写入拒绝（429）,0.94,rule,gaia-memory-log,False
5:gaia-2021-08-22-2021-08-22_19`:19`:28-memory_anomalies,1:API Key 泄露到公共代码仓库（K8s 场景）,API Key 泄露到公共代码仓库（K8s 场景）,0.95,rule,gaia-memory-mob,False
5:gaia-2021-08-22-2021-08-22_19`:39`:10-memory_anomalies,1:API Key 泄露到公共代码仓库（K8s 场景）,API Key 泄露到公共代码仓库（K8s 场景）,0.95,rule,gaia-memory-mob,False
5:gaia-2021-08-22-2021-08-22_19`:57`:22-memory_anomalies,1:Elasticsearch 写入拒绝（429）,Elasticsearch 写入拒绝（429）,0.94,rule,gaia-memory-log,False
5:gaia-2021-08-22-2021-08-22_20`:52`:04-memory_anomalies,1:API Key 泄露到公共代码仓库（K8s 场景）,API Key 泄露到公共代码仓库（K8s 场景）,0.95,rule,gaia-memory-mob,False
5:gaia-2021-08-22-2021-08-22_21`:31`:51-memory_anomalies,1:API Key 泄露到公共代码仓库（K8s 场景）,API Key 泄露到公共代码仓库（K8s 场景）,0.95,rule,gaia-memory-mob,False
5:gaia-2021-08-22-2021-08-22_22`:16`:22-memory_anomalies,1:Redis Cluster 节点下线导致 slot 不可用,Redis Cluster 节点下线导致 slot 不可用,0.95,rule,gaia-memory-redis,False
5:gaia-2021-08-22-2021-08-22_22`:44`:43-memory_anomalies,1:Redis Cluster 节点下线导致 slot 不可用,Redis Cluster 节点下线导致 slot 不可用,0.95,rule,gaia-memory-redis,False
5:gaia-2021-08-23-2021-08-23_01`:28`:37-memory_anomalies,1:MongoDB 副本集选举失败,MongoDB 副本集选举失败,0.95,rule,gaia-memory-db,False
5:gaia-2021-08-23-2021-08-23_02`:11`:50-cpu_anomalies,1:API Key 泄露到公共代码仓库（K8s 场景）,API Key 泄露到公共代码仓库（K8s 场景）,0.94,rule,gaia-cpu-mob,False
5:gaia-2021-08-23-2021-08-23_02`:21`:13-memory_anomalies,1:MongoDB 副本集选举失败,MongoDB 副本集选举失败,0.95,rule,gaia-memory-db,False
5:gaia-2021-08-23-2021-08-23_03`:14`:16-memory_anomalies,1:MongoDB 副本集选举失败,MongoDB 副本集选举失败,0.95,rule,gaia-memory-db,False
5:gaia-2021-08-23-2021-08-23_04`:18`:16-memory_anomalies,1:API Key 泄露到公共代码仓库（K8s 场景）,API Key 泄露到公共代码仓库（K8s 场景）,0.95,rule,gaia-memory-mob,False
5:gaia-2021-08-23-2021-08-23_04`:54`:46-memory_anomalies,1:API Key 泄露到公共代码仓库（K8s 场景）,API Key 泄露到公共代码仓库（K8s 场景）,0.95,rule,gaia-memory-mob,False
5:gaia-2021-08-23-2021-08-23_07`:39`:03-memory_anomalies,1:MongoDB 副本集选举失败,MongoDB 副本集选举失败,0.95,rule,gaia-memory-db,False
5:gaia-2021-08-23-2021-08-23_07`:40`:37-memory_anomalies,1:Apache SSL 握手失败,Apache SSL 握手失败,0.94,rule,gaia-memory-web,False
5:gaia-2021-08-23-2021-08-23_09`:16`:46-memory_anomalies,1:MongoDB 副本集选举失败,MongoDB 副本集选举失败,0.95,rule,gaia-memory-db,False
5:gaia-2021-08-23-2021-08-23_09`:20`:45-memory_anomalies,1:Elasticsearch 写入拒绝（429）,Elasticsearch 写入拒绝（429）,0.94,rule,gaia-memory-log,False
5:gaia-2021-08-23-2021-08-23_09`:51`:02-memory_anomalies,1:Redis Cluster 节点下线导致 slot 不可用,Redis Cluster 节点下线导致 slot 不可用,0.95,rule,gaia-memory-redis,False
5:gaia-2021-08-23-2021-08-23_10`:00`:11-memory_anomalies,1:Redis Cluster 节点下线导致 slot 不可用,Redis Cluster 节点下线导致 slot 不可用,0.95,rule,gaia-memory-redis,False
5:gaia-2021-08-23-2021-08-23_10`:01`:39-memory_anomalies,1:API Key 泄露到公共代码仓库（K8s 场景）,API Key 泄露到公共代码仓库（K8s 场景）,0.95,rule,gaia-memory-mob,False
5:gaia-2021-08-23-2021-08-23_10`:32`:36-memory_anomalies,1:Elasticsearch 写入拒绝（429）,Elasticsearch 写入拒绝（429）,0.94,rule,gaia-memory-log,False
5:gaia-2021-08-23-2021-08-23_11`:04`:47-memory_anomalies,1:Apache SSL 握手失败,Apache SSL 握手失败,0.94,rule,gaia-memory-web,False
5:gaia-2021-08-23-2021-08-23_13`:04`:24-memory_anomalies,1:MongoDB 副本集选举失败,MongoDB 副本集选举失败,0.95,rule,gaia-memory-db,False
5:gaia-2021-08-23-2021-08-23_13`:47`:57-memory_anomalies,1:API Key 泄露到公共代码仓库（K8s 场景）,API Key 泄露到公共代码仓库（K8s 场景）,0.95,rule,gaia-memory-mob,False
5:gaia-2021-08-23-2021-08-23_13`:50`:10-memory_anomalies,1:API Key 泄露到公共代码仓库（K8s 场景）,API Key 泄露到公共代码仓库（K8s 场景）,0.95,rule,gaia-memory-mob,False
5:gaia-2021-08-23-2021-08-23_14`:18`:11-memory_anomalies,1:Redis Cluster 节点下线导致 slot 不可用,Redis Cluster 节点下线导致 slot 不可用,0.95,rule,gaia-memory-redis,False
5:gaia-2021-08-23-2021-08-23_16`:20`:03-memory_anomalies,1:MongoDB 副本集选举失败,MongoDB 副本集选举失败,0.95,rule,gaia-memory-db,False
5:gaia-2021-08-23-2021-08-23_16`:45`:36-memory_anomalies,1:MongoDB 副本集选举失败,MongoDB 副本集选举失败,0.95,rule,gaia-memory-db,False
5:gaia-2021-08-23-2021-08-23_17`:15`:17-memory_anomalies,1:API Key 泄露到公共代码仓库（K8s 场景）,API Key 泄露到公共代码仓库（K8s 场景）,0.95,rule,gaia-memory-mob,False
5:gaia-2021-08-23-2021-08-23_17`:47`:26-memory_anomalies,1:MongoDB 副本集选举失败,MongoDB 副本集选举失败,0.95,rule,gaia-memory-db,False
5:gaia-2021-08-23-2021-08-23_18`:20`:18-memory_anomalies,1:MongoDB 副本集选举失败,MongoDB 副本集选举失败,0.95,rule,gaia-memory-db,False
5:gaia-2021-08-23-2021-08-23_18`:30`:25-memory_anomalies,1:Apache SSL 握手失败,Apache SSL 握手失败,0.94,rule,gaia-memory-web,False
5:gaia-2021-08-23-2021-08-23_18`:51`:53-memory_anomalies,1:Apache SSL 握手失败,Apache SSL 握手失败,0.94,rule,gaia-memory-web,False
5:gaia-2021-08-23-2021-08-23_20`:01`:58-memory_anomalies,1:MongoDB 副本集选举失败,MongoDB 副本集选举失败,0.95,rule,gaia-memory-db,False
5:gaia-2021-08-23-2021-08-23_20`:41`:00-memory_anomalies,1:Apache SSL 握手失败,Apache SSL 握手失败,0.94,rule,gaia-memory-web,False
5:gaia-2021-08-23-2021-08-23_22`:07`:04-memory_anomalies,1:MongoDB 副本集选举失败,MongoDB 副本集选举失败,0.95,rule,gaia-memory-db,False
5:gaia-2021-08-24-2021-08-24_00`:00`:51-memory_anomalies,1:Apache SSL 握手失败,Apache SSL 握手失败,0.94,rule,gaia-memory-web,False
5:gaia-2021-08-24-2021-08-24_01`:25`:08-memory_anomalies,1:API Key 泄露到公共代码仓库（K8s 场景）,API Key 泄露到公共代码仓库（K8s 场景）,0.95,rule,gaia-memory-mob,False
5:gaia-2021-08-24-2021-08-24_01`:49`:41-memory_anomalies,1:Elasticsearch 写入拒绝（429）,Elasticsearch 写入拒绝（429）,0.94,rule,gaia-memory-log,False
5:gaia-2021-08-24-2021-08-24_02`:01`:29-memory_anomalies,1:API Key 泄露到公共代码仓库（K8s 场景）,API Key 泄露到公共代码仓库（K8s 场景）,0.95,rule,gaia-memory-mob,False
5:gaia-2021-08-24-2021-08-24_04`:06`:32-memory_anomalies,1:Redis Cluster 节点下线导致 slot 不可用,Redis Cluster 节点下线导致 slot 不可用,0.95,rule,gaia-memory-redis,False
5:gaia-2021-08-24-2021-08-24_06`:03`:29-memory_anomalies,1:Redis Cluster 节点下线导致 slot 不可用,Redis Cluster 节点下线导致 slot 不可用,0.95,rule,gaia-memory-redis,False
5:gaia-2021-08-24-2021-08-24_07`:47`:27-memory_anomalies,1:MongoDB 副本集选举失败,MongoDB 副本集选举失败,0.95,rule,gaia-memory-db,False
5:gaia-2021-08-24-2021-08-24_08`:04`:02-memory_anomalies,1:Redis Cluster 节点下线导致 slot 不可用,Redis Cluster 节点下线导致 slot 不可用,0.95,rule,gaia-memory-redis,False
5:gaia-2021-08-24-2021-08-24_08`:08`:49-memory_anomalies,1:API Key 泄露到公共代码仓库（K8s 场景）,API Key 泄露到公共代码仓库（K8s 场景）,0.95,rule,gaia-memory-mob,False
5:gaia-2021-08-24-2021-08-24_08`:13`:18-memory_anomalies,1:Elasticsearch 写入拒绝（429）,Elasticsearch 写入拒绝（429）,0.94,rule,gaia-memory-log,False
5:gaia-2021-08-24-2021-08-24_08`:51`:31-memory_anomalies,1:MongoDB 副本集选举失败,MongoDB 副本集选举失败,0.95,rule,gaia-memory-db,False
5:gaia-2021-08-24-2021-08-24_09`:23`:44-cpu_anomalies,1:K8s Pod Pending 无法调度（Insufficient CPU/Memory）,K8s Pod Pending 无法调度（Insufficient CPU/Memory）,0.93,rule,gaia-cpu-db,False
5:gaia-2021-08-24-2021-08-24_10`:16`:57-memory_anomalies,1:Elasticsearch 写入拒绝（429）,Elasticsearch 写入拒绝（429）,0.94,rule,gaia-memory-log,False
5:gaia-2021-08-24-2021-08-24_11`:06`:21-memory_anomalies,1:Apache SSL 握手失败,Apache SSL 握手失败,0.94,rule,gaia-memory-web,False
5:gaia-2021-08-24-2021-08-24_11`:50`:15-memory_anomalies,1:Redis Cluster 节点下线导致 slot 不可用,Redis Cluster 节点下线导致 slot 不可用,0.95,rule,gaia-memory-redis,False
5:gaia-2021-08-24-2021-08-24_12`:48`:13-cpu_anomalies,1:API Key 泄露到公共代码仓库（K8s 场景）,API Key 泄露到公共代码仓库（K8s 场景）,0.94,rule,gaia-cpu-mob,False
5:gaia-2021-08-24-2021-08-24_12`:52`:48-memory_anomalies,1:Redis Cluster 节点下线导致 slot 不可用,Redis Cluster 节点下线导致 slot 不可用,0.95,rule,gaia-memory-redis,False
5:gaia-2021-08-24-2021-08-24_13`:32`:11-memory_anomalies,1:Redis Cluster 节点下线导致 slot 不可用,Redis Cluster 节点下线导致 slot 不可用,0.95,rule,gaia-memory-redis,False
5:gaia-2021-08-24-2021-08-24_14`:22`:36-memory_anomalies,1:Redis Cluster 节点下线导致 slot 不可用,Redis Cluster 节点下线导致 slot 不可用,0.95,rule,gaia-memory-redis,False
5:gaia-2021-08-24-2021-08-24_16`:34`:38-cpu_anomalies,1:K8s Pod Pending 无法调度（Insufficient CPU/Memory）,K8s Pod Pending 无法调度（Insufficient CPU/Memory）,0.93,rule,gaia-cpu-db,False
5:gaia-2021-08-24-2021-08-24_16`:56`:00-memory_anomalies,1:Elasticsearch 写入拒绝（429）,Elasticsearch 写入拒绝（429）,0.94,rule,gaia-memory-log,False
5:gaia-2021-08-24-2021-08-24_17`:56`:40-memory_anomalies,1:MongoDB 副本集选举失败,MongoDB 副本集选举失败,0.95,rule,gaia-memory-db,False
5:gaia-2021-08-24-2021-08-24_18`:11`:41-memory_anomalies,1:API Key 泄露到公共代码仓库（K8s 场景）,API Key 泄露到公共代码仓库（K8s 场景）,0.95,rule,gaia-memory-mob,False
5:gaia-2021-08-24-2021-08-24_18`:21`:21-memory_anomalies,1:Elasticsearch 写入拒绝（429）,Elasticsearch 写入拒绝（429）,0.94,rule,gaia-memory-log,False
5:gaia-2021-08-24-2021-08-24_18`:49`:02-memory_anomalies,1:Elasticsearch 写入拒绝（429）,Elasticsearch 写入拒绝（429）,0.94,rule,gaia-memory-log,False
5:gaia-2021-08-24-2021-08-24_20`:00`:54-memory_anomalies,1:MongoDB 副本集选举失败,MongoDB 副本集选举失败,0.95,rule,gaia-memory-db,False
5:gaia-2021-08-24-2021-08-24_20`:22`:50-memory_anomalies,1:Apache SSL 握手失败,Apache SSL 握手失败,0.94,rule,gaia-memory-web,False
5:gaia-2021-08-24-2021-08-24_21`:51`:16-memory_anomalies,1:API Key 泄露到公共代码仓库（K8s 场景）,API Key 泄露到公共代码仓库（K8s 场景）,0.95,rule,gaia-memory-mob,False
5:gaia-2021-08-24-2021-08-24_21`:55`:48-memory_anomalies,1:Elasticsearch 写入拒绝（429）,Elasticsearch 写入拒绝（429）,0.94,rule,gaia-memory-log,False
5:gaia-2021-08-24-2021-08-24_22`:29`:08-memory_anomalies,1:Apache SSL 握手失败,Apache SSL 握手失败,0.94,rule,gaia-memory-web,False
5:gaia-2021-08-25-2021-08-25_01`:09`:53-memory_anomalies,1:Redis Cluster 节点下线导致 slot 不可用,Redis Cluster 节点下线导致 slot 不可用,0.95,rule,gaia-memory-redis,False
5:gaia-2021-08-25-2021-08-25_01`:41`:15-memory_anomalies,1:API Key 泄露到公共代码仓库（K8s 场景）,API Key 泄露到公共代码仓库（K8s 场景）,0.95,rule,gaia-memory-mob,False
5:gaia-2021-08-25-2021-08-25_01`:52`:05-memory_anomalies,1:Redis Cluster 节点下线导致 slot 不可用,Redis Cluster 节点下线导致 slot 不可用,0.95,rule,gaia-memory-redis,False
5:gaia-2021-08-25-2021-08-25_03`:16`:22-memory_anomalies,1:Elasticsearch 写入拒绝（429）,Elasticsearch 写入拒绝（429）,0.94,rule,gaia-memory-log,False
5:gaia-2021-08-25-2021-08-25_04`:11`:02-memory_anomalies,1:API Key 泄露到公共代码仓库（K8s 场景）,API Key 泄露到公共代码仓库（K8s 场景）,0.95,rule,gaia-memory-mob,False
5:gaia-2021-08-25-2021-08-25_04`:14`:41-memory_anomalies,1:Elasticsearch 写入拒绝（429）,Elasticsearch 写入拒绝（429）,0.94,rule,gaia-memory-log,False
5:gaia-2021-08-25-2021-08-25_04`:41`:20-memory_anomalies,1:Apache SSL 握手失败,Apache SSL 握手失败,0.94,rule,gaia-memory-web,False
5:gaia-2021-08-25-2021-08-25_04`:57`:34-cpu_anomalies,1:K8s Pod Pending 无法调度（Insufficient CPU/Memory）,K8s Pod Pending 无法调度（Insufficient CPU/Memory）,0.93,rule,gaia-cpu-db,False
5:gaia-2021-08-25-2021-08-25_05`:58`:44-memory_anomalies,1:MongoDB 副本集选举失败,MongoDB 副本集选举失败,0.95,rule,gaia-memory-db,False
5:gaia-2021-08-25-2021-08-25_06`:17`:48-memory_anomalies,1:API Key 泄露到公共代码仓库（K8s 场景）,API Key 泄露到公共代码仓库（K8s 场景）,0.95,rule,gaia-memory-mob,False
5:gaia-2021-08-25-2021-08-25_10`:23`:30-memory_anomalies,1:API Key 泄露到公共代码仓库（K8s 场景）,API Key 泄露到公共代码仓库（K8s 场景）,0.95,rule,gaia-memory-mob,False
5:gaia-2021-08-25-2021-08-25_11`:38`:28-memory_anomalies,1:Apache SSL 握手失败,Apache SSL 握手失败,0.94,rule,gaia-memory-web,False
5:gaia-2021-08-25-2021-08-25_11`:50`:08-memory_anomalies,1:API Key 泄露到公共代码仓库（K8s 场景）,API Key 泄露到公共代码仓库（K8s 场景）,0.95,rule,gaia-memory-mob,False
5:gaia-2021-08-25-2021-08-25_11`:56`:10-memory_anomalies,1:MongoDB 副本集选举失败,MongoDB 副本集选举失败,0.95,rule,gaia-memory-db,False
5:gaia-2021-08-25-2021-08-25_12`:19`:04-memory_anomalies,1:API Key 泄露到公共代码仓库（K8s 场景）,API Key 泄露到公共代码仓库（K8s 场景）,0.95,rule,gaia-memory-mob,False
5:gaia-2021-08-25-2021-08-25_13`:49`:32-memory_anomalies,1:Elasticsearch 写入拒绝（429）,Elasticsearch 写入拒绝（429）,0.94,rule,gaia-memory-log,False
5:gaia-2021-08-25-2021-08-25_14`:16`:26-memory_anomalies,1:MongoDB 副本集选举失败,MongoDB 副本集选举失败,0.95,rule,gaia-memory-db,False
5:gaia-2021-08-25-2021-08-25_14`:56`:25-memory_anomalies,1:Redis Cluster 节点下线导致 slot 不可用,Redis Cluster 节点下线导致 slot 不可用,0.95,rule,gaia-memory-redis,False
5:gaia-2021-08-25-2021-08-25_18`:17`:57-memory_anomalies,1:API Key 泄露到公共代码仓库（K8s 场景）,API Key 泄露到公共代码仓库（K8s 场景）,0.95,rule,gaia-memory-mob,False
5:gaia-2021-08-25-2021-08-25_19`:58`:22-memory_anomalies,1:API Key 泄露到公共代码仓库（K8s 场景）,API Key 泄露到公共代码仓库（K8s 场景）,0.95,rule,gaia-memory-mob,False
5:gaia-2021-08-25-2021-08-25_20`:34`:55-memory_anomalies,1:API Key 泄露到公共代码仓库（K8s 场景）,API Key 泄露到公共代码仓库（K8s 场景）,0.95,rule,gaia-memory-mob,False
5:gaia-2021-08-25-2021-08-25_21`:38`:03-memory_anomalies,1:Redis Cluster 节点下线导致 slot 不可用,Redis Cluster 节点下线导致 slot 不可用,0.95,rule,gaia-memory-redis,False
5:gaia-2021-08-26-2021-08-26_00`:06`:33-memory_anomalies,1:Apache SSL 握手失败,Apache SSL 握手失败,0.94,rule,gaia-memory-web,False
5:gaia-2021-08-26-2021-08-26_00`:16`:22-memory_anomalies,1:MongoDB 副本集选举失败,MongoDB 副本集选举失败,0.95,rule,gaia-memory-db,False
5:gaia-2021-08-26-2021-08-26_01`:38`:17-memory_anomalies,1:API Key 泄露到公共代码仓库（K8s 场景）,API Key 泄露到公共代码仓库（K8s 场景）,0.95,rule,gaia-memory-mob,False
5:gaia-2021-08-26-2021-08-26_05`:04`:18-memory_anomalies,1:Elasticsearch 写入拒绝（429）,Elasticsearch 写入拒绝（429）,0.94,rule,gaia-memory-log,False
5:gaia-2021-08-26-2021-08-26_06`:29`:47-memory_anomalies,1:Elasticsearch 写入拒绝（429）,Elasticsearch 写入拒绝（429）,0.94,rule,gaia-memory-log,False
5:gaia-2021-08-26-2021-08-26_06`:53`:56-memory_anomalies,1:Apache SSL 握手失败,Apache SSL 握手失败,0.94,rule,gaia-memory-web,False
5:gaia-2021-08-26-2021-08-26_11`:19`:31-memory_anomalies,1:Redis Cluster 节点下线导致 slot 不可用,Redis Cluster 节点下线导致 slot 不可用,0.95,rule,gaia-memory-redis,False
5:gaia-2021-08-26-2021-08-26_12`:05`:15-memory_anomalies,1:Redis Cluster 节点下线导致 slot 不可用,Redis Cluster 节点下线导致 slot 不可用,0.95,rule,gaia-memory-redis,False
5:gaia-2021-08-26-2021-08-26_12`:36`:10-memory_anomalies,1:Apache SSL 握手失败,Apache SSL 握手失败,0.94,rule,gaia-memory-web,False
5:gaia-2021-08-26-2021-08-26_13`:26`:17-memory_anomalies,1:MongoDB 副本集选举失败,MongoDB 副本集选举失败,0.95,rule,gaia-memory-db,False
5:gaia-2021-08-26-2021-08-26_13`:45`:15-memory_anomalies,1:API Key 泄露到公共代码仓库（K8s 场景）,API Key 泄露到公共代码仓库（K8s 场景）,0.95,rule,gaia-memory-mob,False
5:gaia-2021-08-26-2021-08-26_14`:33`:44-cpu_anomalies,1:K8s Pod Pending 无法调度（Insufficient CPU/Memory）,K8s Pod Pending 无法调度（Insufficient CPU/Memory）,0.93,rule,gaia-cpu-db,False
5:gaia-2021-08-26-2021-08-26_14`:49`:35-memory_anomalies,1:MongoDB 副本集选举失败,MongoDB 副本集选举失败,0.95,rule,gaia-memory-db,False
5:gaia-2021-08-26-2021-08-26_16`:33`:10-memory_anomalies,1:MongoDB 副本集选举失败,MongoDB 副本集选举失败,0.95,rule,gaia-memory-db,False
5:gaia-2021-08-26-2021-08-26_17`:39`:12-cpu_anomalies,1:K8s Pod Pending 无法调度（Insufficient CPU/Memory）,K8s Pod Pending 无法调度（Insufficient CPU/Memory）,0.93,rule,gaia-cpu-db,False
5:gaia-2021-08-26-2021-08-26_17`:50`:20-memory_anomalies,1:Elasticsearch 写入拒绝（429）,Elasticsearch 写入拒绝（429）,0.94,rule,gaia-memory-log,False
5:gaia-2021-08-26-2021-08-26_19`:19`:06-memory_anomalies,1:MongoDB 副本集选举失败,MongoDB 副本集选举失败,0.95,rule,gaia-memory-db,False
5:gaia-2021-08-26-2021-08-26_20`:28`:09-memory_anomalies,1:Apache SSL 握手失败,Apache SSL 握手失败,0.94,rule,gaia-memory-web,False
5:gaia-2021-08-26-2021-08-26_21`:51`:12-memory_anomalies,1:Elasticsearch 写入拒绝（429）,Elasticsearch 写入拒绝（429）,0.94,rule,gaia-memory-log,False
5:gaia-2021-08-26-2021-08-26_22`:53`:29-memory_anomalies,1:Redis Cluster 节点下线导致 slot 不可用,Redis Cluster 节点下线导致 slot 不可用,0.95,rule,gaia-memory-redis,False
5:gaia-2021-08-26-2021-08-26_22`:54`:38-memory_anomalies,1:API Key 泄露到公共代码仓库（K8s 场景）,API Key 泄露到公共代码仓库（K8s 场景）,0.95,rule,gaia-memory-mob,False
5:gaia-2021-08-27-2021-08-27_01`:31`:11-memory_anomalies,1:Redis Cluster 节点下线导致 slot 不可用,Redis Cluster 节点下线导致 slot 不可用,0.95,rule,gaia-memory-redis,False
5:gaia-2021-08-27-2021-08-27_01`:56`:38-memory_anomalies,1:Elasticsearch 写入拒绝（429）,Elasticsearch 写入拒绝（429）,0.94,rule,gaia-memory-log,False
5:gaia-2021-08-27-2021-08-27_02`:23`:39-memory_anomalies,1:Redis Cluster 节点下线导致 slot 不可用,Redis Cluster 节点下线导致 slot 不可用,0.95,rule,gaia-memory-redis,False
5:gaia-2021-08-27-2021-08-27_02`:39`:29-memory_anomalies,1:MongoDB 副本集选举失败,MongoDB 副本集选举失败,0.95,rule,gaia-memory-db,False
5:gaia-2021-08-27-2021-08-27_03`:26`:37-memory_anomalies,1:Apache SSL 握手失败,Apache SSL 握手失败,0.94,rule,gaia-memory-web,False
5:gaia-2021-08-27-2021-08-27_04`:33`:32-cpu_anomalies,1:API Key 泄露到公共代码仓库（K8s 场景）,API Key 泄露到公共代码仓库（K8s 场景）,0.94,rule,gaia-cpu-mob,False
5:gaia-2021-08-27-2021-08-27_05`:29`:28-memory_anomalies,1:MongoDB 副本集选举失败,MongoDB 副本集选举失败,0.95,rule,gaia-memory-db,False
5:gaia-2021-08-27-2021-08-27_07`:04`:36-memory_anomalies,1:Redis Cluster 节点下线导致 slot 不可用,Redis Cluster 节点下线导致 slot 不可用,0.95,rule,gaia-memory-redis,False
5:gaia-2021-08-27-2021-08-27_08`:56`:01-memory_anomalies,1:API Key 泄露到公共代码仓库（K8s 场景）,API Key 泄露到公共代码仓库（K8s 场景）,0.95,rule,gaia-memory-mob,False
5:gaia-2021-08-27-2021-08-27_10`:39`:55-memory_anomalies,1:MongoDB 副本集选举失败,MongoDB 副本集选举失败,0.95,rule,gaia-memory-db,False
5:gaia-2021-08-27-2021-08-27_11`:33`:44-memory_anomalies,1:API Key 泄露到公共代码仓库（K8s 场景）,API Key 泄露到公共代码仓库（K8s 场景）,0.95,rule,gaia-memory-mob,False
5:gaia-2021-08-27-2021-08-27_12`:07`:31-memory_anomalies,1:MongoDB 副本集选举失败,MongoDB 副本集选举失败,0.95,rule,gaia-memory-db,False
5:gaia-2021-08-27-2021-08-27_12`:47`:50-memory_anomalies,1:Elasticsearch 写入拒绝（429）,Elasticsearch 写入拒绝（429）,0.94,rule,gaia-memory-log,False
5:gaia-2021-08-27-2021-08-27_12`:50`:52-memory_anomalies,1:MongoDB 副本集选举失败,MongoDB 副本集选举失败,0.95,rule,gaia-memory-db,False
5:gaia-2021-08-27-2021-08-27_14`:16`:00-memory_anomalies,1:Apache SSL 握手失败,Apache SSL 握手失败,0.94,rule,gaia-memory-web,False
5:gaia-2021-08-27-2021-08-27_14`:27`:49-memory_anomalies,1:Redis Cluster 节点下线导致 slot 不可用,Redis Cluster 节点下线导致 slot 不可用,0.95,rule,gaia-memory-redis,False
5:gaia-2021-08-27-2021-08-27_16`:28`:33-memory_anomalies,1:MongoDB 副本集选举失败,MongoDB 副本集选举失败,0.95,rule,gaia-memory-db,False
5:gaia-2021-08-27-2021-08-27_16`:49`:03-memory_anomalies,1:Apache SSL 握手失败,Apache SSL 握手失败,0.94,rule,gaia-memory-web,False
5:gaia-2021-08-27-2021-08-27_17`:25`:08-memory_anomalies,1:Elasticsearch 写入拒绝（429）,Elasticsearch 写入拒绝（429）,0.94,rule,gaia-memory-log,False
5:gaia-2021-08-27-2021-08-27_19`:32`:36-memory_anomalies,1:Redis Cluster 节点下线导致 slot 不可用,Redis Cluster 节点下线导致 slot 不可用,0.95,rule,gaia-memory-redis,False
5:gaia-2021-08-27-2021-08-27_20`:15`:16-memory_anomalies,1:MongoDB 副本集选举失败,MongoDB 副本集选举失败,0.95,rule,gaia-memory-db,False
5:gaia-2021-08-27-2021-08-27_20`:25`:02-memory_anomalies,1:MongoDB 副本集选举失败,MongoDB 副本集选举失败,0.95,rule,gaia-memory-db,False
5:gaia-2021-08-27-2021-08-27_21`:43`:56-memory_anomalies,1:API Key 泄露到公共代码仓库（K8s 场景）,API Key 泄露到公共代码仓库（K8s 场景）,0.95,rule,gaia-memory-mob,False
5:gaia-2021-08-27-2021-08-27_21`:50`:36-memory_anomalies,1:Elasticsearch 写入拒绝（429）,Elasticsearch 写入拒绝（429）,0.94,rule,gaia-memory-log,False
5:gaia-2021-08-27-2021-08-27_22`:35`:44-memory_anomalies,1:MongoDB 副本集选举失败,MongoDB 副本集选举失败,0.95,rule,gaia-memory-db,False
5:gaia-2021-08-27-2021-08-27_23`:11`:20-memory_anomalies,1:API Key 泄露到公共代码仓库（K8s 场景）,API Key 泄露到公共代码仓库（K8s 场景）,0.95,rule,gaia-memory-mob,False
5:gaia-2021-08-28-2021-08-28_00`:22`:15-memory_anomalies,1:MongoDB 副本集选举失败,MongoDB 副本集选举失败,0.95,rule,gaia-memory-db,False
5:gaia-2021-08-28-2021-08-28_02`:17`:43-memory_anomalies,1:Elasticsearch 写入拒绝（429）,Elasticsearch 写入拒绝（429）,0.94,rule,gaia-memory-log,False
5:gaia-2021-08-28-2021-08-28_02`:27`:58-memory_anomalies,1:MongoDB 副本集选举失败,MongoDB 副本集选举失败,0.95,rule,gaia-memory-db,False
5:gaia-2021-08-28-2021-08-28_03`:30`:28-memory_anomalies,1:Redis Cluster 节点下线导致 slot 不可用,Redis Cluster 节点下线导致 slot 不可用,0.95,rule,gaia-memory-redis,False
5:gaia-2021-08-28-2021-08-28_04`:56`:49-memory_anomalies,1:Elasticsearch 写入拒绝（429）,Elasticsearch 写入拒绝（429）,0.94,rule,gaia-memory-log,False
5:gaia-2021-08-28-2021-08-28_05`:20`:33-memory_anomalies,1:API Key 泄露到公共代码仓库（K8s 场景）,API Key 泄露到公共代码仓库（K8s 场景）,0.95,rule,gaia-memory-mob,False
5:gaia-2021-08-28-2021-08-28_05`:36`:25-cpu_anomalies,1:API Key 泄露到公共代码仓库（K8s 场景）,API Key 泄露到公共代码仓库（K8s 场景）,0.94,rule,gaia-cpu-mob,False
5:gaia-2021-08-28-2021-08-28_06`:49`:03-cpu_anomalies,1:API Key 泄露到公共代码仓库（K8s 场景）,API Key 泄露到公共代码仓库（K8s 场景）,0.94,rule,gaia-cpu-mob,False
5:gaia-2021-08-28-2021-08-28_09`:00`:45-memory_anomalies,1:Elasticsearch 写入拒绝（429）,Elasticsearch 写入拒绝（429）,0.94,rule,gaia-memory-log,False
5:gaia-2021-08-28-2021-08-28_09`:24`:12-cpu_anomalies,1:API Key 泄露到公共代码仓库（K8s 场景）,API Key 泄露到公共代码仓库（K8s 场景）,0.94,rule,gaia-cpu-mob,False
5:gaia-2021-08-28-2021-08-28_09`:41`:50-memory_anomalies,1:MongoDB 副本集选举失败,MongoDB 副本集选举失败,0.95,rule,gaia-memory-db,False
5:gaia-2021-08-28-2021-08-28_10`:48`:03-memory_anomalies,1:MongoDB 副本集选举失败,MongoDB 副本集选举失败,0.95,rule,gaia-memory-db,False
5:gaia-2021-08-28-2021-08-28_12`:00`:39-memory_anomalies,1:API Key 泄露到公共代码仓库（K8s 场景）,API Key 泄露到公共代码仓库（K8s 场景）,0.95,rule,gaia-memory-mob,False
5:gaia-2021-08-28-2021-08-28_12`:23`:23-memory_anomalies,1:Redis Cluster 节点下线导致 slot 不可用,Redis Cluster 节点下线导致 slot 不可用,0.95,rule,gaia-memory-redis,False
5:gaia-2021-08-28-2021-08-28_13`:08`:23-memory_anomalies,1:MongoDB 副本集选举失败,MongoDB 副本集选举失败,0.95,rule,gaia-memory-db,False
5:gaia-2021-08-28-2021-08-28_16`:41`:21-memory_anomalies,1:Elasticsearch 写入拒绝（429）,Elasticsearch 写入拒绝（429）,0.94,rule,gaia-memory-log,False
5:gaia-2021-08-28-2021-08-28_17`:45`:16-memory_anomalies,1:Redis Cluster 节点下线导致 slot 不可用,Redis Cluster 节点下线导致 slot 不可用,0.95,rule,gaia-memory-redis,False
5:gaia-2021-08-28-2021-08-28_19`:04`:40-memory_anomalies,1:Apache SSL 握手失败,Apache SSL 握手失败,0.94,rule,gaia-memory-web,False
5:gaia-2021-08-28-2021-08-28_19`:12`:23-memory_anomalies,1:MongoDB 副本集选举失败,MongoDB 副本集选举失败,0.95,rule,gaia-memory-db,False
5:gaia-2021-08-28-2021-08-28_20`:34`:31-memory_anomalies,1:Elasticsearch 写入拒绝（429）,Elasticsearch 写入拒绝（429）,0.94,rule,gaia-memory-log,False
5:gaia-2021-08-28-2021-08-28_21`:15`:18-memory_anomalies,1:MongoDB 副本集选举失败,MongoDB 副本集选举失败,0.95,rule,gaia-memory-db,False
5:gaia-2021-08-28-2021-08-28_22`:10`:32-memory_anomalies,1:Apache SSL 握手失败,Apache SSL 握手失败,0.94,rule,gaia-memory-web,False
5:gaia-2021-08-29-2021-08-29_00`:57`:50-memory_anomalies,1:Apache SSL 握手失败,Apache SSL 握手失败,0.94,rule,gaia-memory-web,False
5:gaia-2021-08-29-2021-08-29_01`:01`:26-memory_anomalies,1:Redis Cluster 节点下线导致 slot 不可用,Redis Cluster 节点下线导致 slot 不可用,0.95,rule,gaia-memory-redis,False
5:gaia-2021-08-29-2021-08-29_01`:51`:31-memory_anomalies,1:API Key 泄露到公共代码仓库（K8s 场景）,API Key 泄露到公共代码仓库（K8s 场景）,0.95,rule,gaia-memory-mob,False
5:gaia-2021-08-29-2021-08-29_02`:53`:57-cpu_anomalies,1:K8s Pod Pending 无法调度（Insufficient CPU/Memory）,K8s Pod Pending 无法调度（Insufficient CPU/Memory）,0.93,rule,gaia-cpu-db,False
5:gaia-2021-08-29-2021-08-29_03`:04`:31-memory_anomalies,1:MongoDB 副本集选举失败,MongoDB 副本集选举失败,0.95,rule,gaia-memory-db,False
5:gaia-2021-08-29-2021-08-29_03`:15`:35-memory_anomalies,1:MongoDB 副本集选举失败,MongoDB 副本集选举失败,0.95,rule,gaia-memory-db,False
5:gaia-2021-08-29-2021-08-29_03`:20`:13-memory_anomalies,1:Redis Cluster 节点下线导致 slot 不可用,Redis Cluster 节点下线导致 slot 不可用,0.95,rule,gaia-memory-redis,False
5:gaia-2021-08-29-2021-08-29_04`:02`:05-memory_anomalies,1:API Key 泄露到公共代码仓库（K8s 场景）,API Key 泄露到公共代码仓库（K8s 场景）,0.95,rule,gaia-memory-mob,False
5:gaia-2021-08-29-2021-08-29_04`:24`:57-memory_anomalies,1:Apache SSL 握手失败,Apache SSL 握手失败,0.94,rule,gaia-memory-web,False
5:gaia-2021-08-29-2021-08-29_05`:57`:14-memory_anomalies,1:Redis Cluster 节点下线导致 slot 不可用,Redis Cluster 节点下线导致 slot 不可用,0.95,rule,gaia-memory-redis,False
5:gaia-2021-08-29-2021-08-29_07`:50`:56-memory_anomalies,1:MongoDB 副本集选举失败,MongoDB 副本集选举失败,0.95,rule,gaia-memory-db,False
5:gaia-2021-08-29-2021-08-29_09`:54`:39-memory_anomalies,1:API Key 泄露到公共代码仓库（K8s 场景）,API Key 泄露到公共代码仓库（K8s 场景）,0.95,rule,gaia-memory-mob,False
5:gaia-2021-08-29-2021-08-29_10`:01`:43-memory_anomalies,1:Redis Cluster 节点下线导致 slot 不可用,Redis Cluster 节点下线导致 slot 不可用,0.95,rule,gaia-memory-redis,False
5:gaia-2021-08-29-2021-08-29_11`:34`:27-cpu_anomalies,1:K8s Pod Pending 无法调度（Insufficient CPU/Memory）,K8s Pod Pending 无法调度（Insufficient CPU/Memory）,0.93,rule,gaia-cpu-db,False
5:gaia-2021-08-29-2021-08-29_12`:02`:57-memory_anomalies,1:API Key 泄露到公共代码仓库（K8s 场景）,API Key 泄露到公共代码仓库（K8s 场景）,0.95,rule,gaia-memory-mob,False
5:gaia-2021-08-29-2021-08-29_16`:08`:33-memory_anomalies,1:Redis Cluster 节点下线导致 slot 不可用,Redis Cluster 节点下线导致 slot 不可用,0.95,rule,gaia-memory-redis,False
5:gaia-2021-08-29-2021-08-29_17`:07`:49-memory_anomalies,1:Redis Cluster 节点下线导致 slot 不可用,Redis Cluster 节点下线导致 slot 不可用,0.95,rule,gaia-memory-redis,False
5:gaia-2021-08-29-2021-08-29_17`:35`:57-memory_anomalies,1:Apache SSL 握手失败,Apache SSL 握手失败,0.94,rule,gaia-memory-web,False
5:gaia-2021-08-29-2021-08-29_18`:17`:30-memory_anomalies,1:Apache SSL 握手失败,Apache SSL 握手失败,0.94,rule,gaia-memory-web,False
5:gaia-2021-08-29-2021-08-29_19`:26`:01-cpu_anomalies,1:API Key 泄露到公共代码仓库（K8s 场景）,API Key 泄露到公共代码仓库（K8s 场景）,0.94,rule,gaia-cpu-mob,False
5:gaia-2021-08-29-2021-08-29_20`:44`:00-memory_anomalies,1:MongoDB 副本集选举失败,MongoDB 副本集选举失败,0.95,rule,gaia-memory-db,False
5:gaia-2021-08-29-2021-08-29_20`:55`:41-memory_anomalies,1:API Key 泄露到公共代码仓库（K8s 场景）,API Key 泄露到公共代码仓库（K8s 场景）,0.95,rule,gaia-memory-mob,False
5:gaia-2021-08-29-2021-08-29_21`:42`:59-memory_anomalies,1:Redis Cluster 节点下线导致 slot 不可用,Redis Cluster 节点下线导致 slot 不可用,0.95,rule,gaia-memory-redis,False
5:gaia-2021-08-29-2021-08-29_23`:07`:16-memory_anomalies,1:Elasticsearch 写入拒绝（429）,Elasticsearch 写入拒绝（429）,0.94,rule,gaia-memory-log,False
5:gaia-2021-08-29-2021-08-29_23`:58`:40-memory_anomalies,1:MongoDB 副本集选举失败,MongoDB 副本集选举失败,0.95,rule,gaia-memory-db,False
5:gaia-2021-08-30-2021-08-30_00`:58`:44-memory_anomalies,1:Apache SSL 握手失败,Apache SSL 握手失败,0.94,rule,gaia-memory-web,False
5:gaia-2021-08-30-2021-08-30_02`:03`:21-memory_anomalies,1:Redis Cluster 节点下线导致 slot 不可用,Redis Cluster 节点下线导致 slot 不可用,0.95,rule,gaia-memory-redis,False
5:gaia-2021-08-30-2021-08-30_03`:26`:25-memory_anomalies,1:Apache SSL 握手失败,Apache SSL 握手失败,0.94,rule,gaia-memory-web,False
5:gaia-2021-08-30-2021-08-30_03`:48`:36-memory_anomalies,1:MongoDB 副本集选举失败,MongoDB 副本集选举失败,0.95,rule,gaia-memory-db,False
5:gaia-2021-08-30-2021-08-30_03`:54`:13-memory_anomalies,1:Redis Cluster 节点下线导致 slot 不可用,Redis Cluster 节点下线导致 slot 不可用,0.95,rule,gaia-memory-redis,False
5:gaia-2021-08-30-2021-08-30_04`:01`:34-memory_anomalies,1:Apache SSL 握手失败,Apache SSL 握手失败,0.94,rule,gaia-memory-web,False
5:gaia-2021-08-30-2021-08-30_04`:18`:04-memory_anomalies,1:Elasticsearch 写入拒绝（429）,Elasticsearch 写入拒绝（429）,0.94,rule,gaia-memory-log,False
5:gaia-2021-08-30-2021-08-30_05`:09`:08-memory_anomalies,1:Apache SSL 握手失败,Apache SSL 握手失败,0.94,rule,gaia-memory-web,False
5:gaia-2021-08-30-2021-08-30_07`:27`:11-memory_anomalies,1:Apache SSL 握手失败,Apache SSL 握手失败,0.94,rule,gaia-memory-web,False
5:gaia-2021-08-30-2021-08-30_08`:54`:22-memory_anomalies,1:Elasticsearch 写入拒绝（429）,Elasticsearch 写入拒绝（429）,0.94,rule,gaia-memory-log,False
5:gaia-2021-08-30-2021-08-30_09`:13`:57-memory_anomalies,1:API Key 泄露到公共代码仓库（K8s 场景）,API Key 泄露到公共代码仓库（K8s 场景）,0.95,rule,gaia-memory-mob,False
5:gaia-2021-08-30-2021-08-30_09`:38`:32-memory_anomalies,1:Redis Cluster 节点下线导致 slot 不可用,Redis Cluster 节点下线导致 slot 不可用,0.95,rule,gaia-memory-redis,False
5:gaia-2021-08-30-2021-08-30_10`:41`:54-memory_anomalies,1:MongoDB 副本集选举失败,MongoDB 副本集选举失败,0.95,rule,gaia-memory-db,False
5:gaia-2021-08-30-2021-08-30_11`:07`:22-memory_anomalies,1:MongoDB 副本集选举失败,MongoDB 副本集选举失败,0.95,rule,gaia-memory-db,False
5:gaia-2021-08-30-2021-08-30_12`:00`:34-memory_anomalies,1:API Key 泄露到公共代码仓库（K8s 场景）,API Key 泄露到公共代码仓库（K8s 场景）,0.95,rule,gaia-memory-mob,False
5:gaia-2021-08-30-2021-08-30_13`:08`:57-memory_anomalies,1:MongoDB 副本集选举失败,MongoDB 副本集选举失败,0.95,rule,gaia-memory-db,False
5:gaia-2021-08-30-2021-08-30_14`:20`:22-memory_anomalies,1:Apache SSL 握手失败,Apache SSL 握手失败,0.94,rule,gaia-memory-web,False
5:gaia-2021-08-30-2021-08-30_14`:30`:08-memory_anomalies,1:API Key 泄露到公共代码仓库（K8s 场景）,API Key 泄露到公共代码仓库（K8s 场景）,0.95,rule,gaia-memory-mob,False
5:gaia-2021-08-30-2021-08-30_15`:10`:05-memory_anomalies,1:Redis Cluster 节点下线导致 slot 不可用,Redis Cluster 节点下线导致 slot 不可用,0.95,rule,gaia-memory-redis,False
5:gaia-2021-08-30-2021-08-30_15`:16`:26-memory_anomalies,1:Redis Cluster 节点下线导致 slot 不可用,Redis Cluster 节点下线导致 slot 不可用,0.95,rule,gaia-memory-redis,False
5:gaia-2021-08-30-2021-08-30_16`:55`:29-memory_anomalies,1:MongoDB 副本集选举失败,MongoDB 副本集选举失败,0.95,rule,gaia-memory-db,False
5:gaia-2021-08-30-2021-08-30_17`:16`:29-cpu_anomalies,1:K8s Pod Pending 无法调度（Insufficient CPU/Memory）,K8s Pod Pending 无法调度（Insufficient CPU/Memory）,0.93,rule,gaia-cpu-db,False
5:gaia-2021-08-30-2021-08-30_18`:42`:23-memory_anomalies,1:API Key 泄露到公共代码仓库（K8s 场景）,API Key 泄露到公共代码仓库（K8s 场景）,0.95,rule,gaia-memory-mob,False
5:gaia-2021-08-30-2021-08-30_19`:20`:30-memory_anomalies,1:API Key 泄露到公共代码仓库（K8s 场景）,API Key 泄露到公共代码仓库（K8s 场景）,0.95,rule,gaia-memory-mob,False
5:gaia-2021-08-30-2021-08-30_20`:12`:41-memory_anomalies,1:Redis Cluster 节点下线导致 slot 不可用,Redis Cluster 节点下线导致 slot 不可用,0.95,rule,gaia-memory-redis,False
5:gaia-2021-08-30-2021-08-30_20`:40`:46-memory_anomalies,1:Elasticsearch 写入拒绝（429）,Elasticsearch 写入拒绝（429）,0.94,rule,gaia-memory-log,False
5:gaia-2021-08-30-2021-08-30_20`:44`:44-memory_anomalies,1:API Key 泄露到公共代码仓库（K8s 场景）,API Key 泄露到公共代码仓库（K8s 场景）,0.95,rule,gaia-memory-mob,False
5:gaia-2021-08-30-2021-08-30_21`:02`:07-memory_anomalies,1:API Key 泄露到公共代码仓库（K8s 场景）,API Key 泄露到公共代码仓库（K8s 场景）,0.95,rule,gaia-memory-mob,False
5:gaia-2021-08-30-2021-08-30_23`:08`:02-memory_anomalies,1:Elasticsearch 写入拒绝（429）,Elasticsearch 写入拒绝（429）,0.94,rule,gaia-memory-log,False
5:gaia-2021-08-30-2021-08-30_23`:25`:20-memory_anomalies,1:Elasticsearch 写入拒绝（429）,Elasticsearch 写入拒绝（429）,0.94,rule,gaia-memory-log,False
5:gaia-2021-08-31-2021-08-31_00`:58`:36-memory_anomalies,1:API Key 泄露到公共代码仓库（K8s 场景）,API Key 泄露到公共代码仓库（K8s 场景）,0.95,rule,gaia-memory-mob,False
5:gaia-2021-08-31-2021-08-31_04`:44`:03-memory_anomalies,1:MongoDB 副本集选举失败,MongoDB 副本集选举失败,0.95,rule,gaia-memory-db,False
5:gaia-2021-08-31-2021-08-31_05`:48`:28-memory_anomalies,1:Apache SSL 握手失败,Apache SSL 握手失败,0.94,rule,gaia-memory-web,False
5:gaia-2021-08-31-2021-08-31_06`:29`:26-memory_anomalies,1:MongoDB 副本集选举失败,MongoDB 副本集选举失败,0.95,rule,gaia-memory-db,False
5:gaia-2021-08-31-2021-08-31_07`:38`:26-memory_anomalies,1:Elasticsearch 写入拒绝（429）,Elasticsearch 写入拒绝（429）,0.94,rule,gaia-memory-log,False
5:gaia-2021-08-31-2021-08-31_08`:15`:23-memory_anomalies,1:Elasticsearch 写入拒绝（429）,Elasticsearch 写入拒绝（429）,0.94,rule,gaia-memory-log,False
5:gaia-2021-08-31-2021-08-31_09`:13`:14-memory_anomalies,1:Elasticsearch 写入拒绝（429）,Elasticsearch 写入拒绝（429）,0.94,rule,gaia-memory-log,False
5:gaia-2021-08-31-2021-08-31_09`:22`:38-cpu_anomalies,1:API Key 泄露到公共代码仓库（K8s 场景）,API Key 泄露到公共代码仓库（K8s 场景）,0.94,rule,gaia-cpu-mob,False
5:gaia-2021-08-31-2021-08-31_09`:44`:44-memory_anomalies,1:Apache SSL 握手失败,Apache SSL 握手失败,0.94,rule,gaia-memory-web,False
5:gaia-2021-08-31-2021-08-31_11`:35`:45-memory_anomalies,1:Apache SSL 握手失败,Apache SSL 握手失败,0.94,rule,gaia-memory-web,False
5:gaia-2021-08-31-2021-08-31_12`:59`:21-memory_anomalies,1:API Key 泄露到公共代码仓库（K8s 场景）,API Key 泄露到公共代码仓库（K8s 场景）,0.95,rule,gaia-memory-mob,False
5:gaia-2021-08-31-2021-08-31_13`:53`:57-memory_anomalies,1:MongoDB 副本集选举失败,MongoDB 副本集选举失败,0.95,rule,gaia-memory-db,False
5:gaia-2021-08-31-2021-08-31_13`:58`:55-memory_anomalies,1:MongoDB 副本集选举失败,MongoDB 副本集选举失败,0.95,rule,gaia-memory-db,False
5:gaia-2021-08-31-2021-08-31_14`:57`:42-memory_anomalies,1:MongoDB 副本集选举失败,MongoDB 副本集选举失败,0.95,rule,gaia-memory-db,False
5:gaia-2021-08-31-2021-08-31_15`:02`:27-memory_anomalies,1:Elasticsearch 写入拒绝（429）,Elasticsearch 写入拒绝（429）,0.94,rule,gaia-memory-log,False
5:gaia-2021-08-31-2021-08-31_15`:08`:38-memory_anomalies,1:Redis Cluster 节点下线导致 slot 不可用,Redis Cluster 节点下线导致 slot 不可用,0.95,rule,gaia-memory-redis,False
5:gaia-2021-08-31-2021-08-31_17`:18`:39-memory_anomalies,1:Elasticsearch 写入拒绝（429）,Elasticsearch 写入拒绝（429）,0.94,rule,gaia-memory-log,False
5:gaia-2021-08-31-2021-08-31_17`:44`:44-memory_anomalies,1:Apache SSL 握手失败,Apache SSL 握手失败,0.94,rule,gaia-memory-web,False
5:gaia-2021-08-31-2021-08-31_17`:47`:25-cpu_anomalies,1:K8s Pod Pending 无法调度（Insufficient CPU/Memory）,K8s Pod Pending 无法调度（Insufficient CPU/Memory）,0.93,rule,gaia-cpu-db,False
5:gaia-2021-08-31-2021-08-31_20`:33`:32-memory_anomalies,1:Redis Cluster 节点下线导致 slot 不可用,Redis Cluster 节点下线导致 slot 不可用,0.95,rule,gaia-memory-redis,False
5:gaia-2021-08-31-2021-08-31_21`:22`:50-memory_anomalies,1:MongoDB 副本集选举失败,MongoDB 副本集选举失败,0.95,rule,gaia-memory-db,False
5:gaia-2021-08-31-2021-08-31_21`:47`:00-memory_anomalies,1:Apache SSL 握手失败,Apache SSL 握手失败,0.94,rule,gaia-memory-web,False
5:gaia-2021-08-31-2021-08-31_22`:23`:54-memory_anomalies,1:API Key 泄露到公共代码仓库（K8s 场景）,API Key 泄露到公共代码仓库（K8s 场景）,0.95,rule,gaia-memory-mob,False
5:gaia-2021-08-31-2021-08-31_22`:46`:16-memory_anomalies,1:Elasticsearch 写入拒绝（429）,Elasticsearch 写入拒绝（429）,0.94,rule,gaia-memory-log,False
5:gaia-2021-08-31-2021-08-31_22`:54`:06-cpu_anomalies,1:K8s Pod Pending 无法调度（Insufficient CPU/Memory）,K8s Pod Pending 无法调度（Insufficient CPU/Memory）,0.93,rule,gaia-cpu-db,False
5:gaia-2021-08-31-2021-08-31_23`:02`:01-memory_anomalies,1:Elasticsearch 写入拒绝（429）,Elasticsearch 写入拒绝（429）,0.94,rule,gaia-memory-log,False
5:gaia-dbservice1-2021-07-01_11`:54`:27-memory_anomalies,1:MongoDB 副本集选举失败,MongoDB 副本集选举失败,0.95,rule,gaia-memory-db,False
5:gaia-dbservice1-2021-07-01_22`:33`:05-memory_anomalies,1:MongoDB 副本集选举失败,MongoDB 副本集选举失败,0.95,rule,gaia-memory-db,False
5:gaia-dbservice1-2021-07-02_01`:21`:29-memory_anomalies,1:MongoDB 副本集选举失败,MongoDB 副本集选举失败,0.95,rule,gaia-memory-db,False
5:gaia-dbservice1-2021-07-02_13`:13`:23-memory_anomalies,1:MongoDB 副本集选举失败,MongoDB 副本集选举失败,0.95,rule,gaia-memory-db,False
5:gaia-dbservice1-2021-07-02_16`:30`:41-memory_anomalies,1:MongoDB 副本集选举失败,MongoDB 副本集选举失败,0.95,rule,gaia-memory-db,False
5:gaia-dbservice1-2021-07-04_07`:33`:33-memory_anomalies,1:MongoDB 副本集选举失败,MongoDB 副本集选举失败,0.95,rule,gaia-memory-db,False
5:gaia-dbservice1-2021-07-04_15`:11`:08-memory_anomalies,1:MongoDB 副本集选举失败,MongoDB 副本集选举失败,0.95,rule,gaia-memory-db,False
5:gaia-dbservice1-2021-07-04_17`:11`:45-memory_anomalies,1:MongoDB 副本集选举失败,MongoDB 副本集选举失败,0.95,rule,gaia-memory-db,False
5:gaia-dbservice1-2021-07-06_13`:41`:25-memory_anomalies,1:MongoDB 副本集选举失败,MongoDB 副本集选举失败,0.95,rule,gaia-memory-db,False
5:gaia-dbservice1-2021-07-06_14`:49`:17-memory_anomalies,1:MongoDB 副本集选举失败,MongoDB 副本集选举失败,0.95,rule,gaia-memory-db,False
5:gaia-dbservice1-2021-07-07_06`:04`:56-memory_anomalies,1:MongoDB 副本集选举失败,MongoDB 副本集选举失败,0.95,rule,gaia-memory-db,False
5:gaia-dbservice1-2021-07-07_15`:21`:22-memory_anomalies,1:MongoDB 副本集选举失败,MongoDB 副本集选举失败,0.95,rule,gaia-memory-db,False
5:gaia-dbservice1-2021-07-07_16`:27`:10-memory_anomalies,1:MongoDB 副本集选举失败,MongoDB 副本集选举失败,0.95,rule,gaia-memory-db,False
5:gaia-dbservice1-2021-07-07_17`:43`:40-memory_anomalies,1:MongoDB 副本集选举失败,MongoDB 副本集选举失败,0.95,rule,gaia-memory-db,False
5:gaia-dbservice1-2021-07-08_18`:22`:20-memory_anomalies,1:MongoDB 副本集选举失败,MongoDB 副本集选举失败,0.95,rule,gaia-memory-db,False
5:gaia-dbservice1-2021-07-09_16`:43`:48-memory_anomalies,1:MongoDB 副本集选举失败,MongoDB 副本集选举失败,0.95,rule,gaia-memory-db,False
5:gaia-dbservice1-2021-07-09_20`:50`:41-memory_anomalies,1:MongoDB 副本集选举失败,MongoDB 副本集选举失败,0.95,rule,gaia-memory-db,False
5:gaia-dbservice1-2021-07-09_21`:45`:58-memory_anomalies,1:MongoDB 副本集选举失败,MongoDB 副本集选举失败,0.95,rule,gaia-memory-db,False
5:gaia-dbservice1-2021-07-09_22`:43`:44-memory_anomalies,1:MongoDB 副本集选举失败,MongoDB 副本集选举失败,0.95,rule,gaia-memory-db,False
5:gaia-dbservice1-2021-07-10_09`:23`:53-memory_anomalies,1:MongoDB 副本集选举失败,MongoDB 副本集选举失败,0.95,rule,gaia-memory-db,False
5:gaia-dbservice1-2021-07-10_10`:47`:12-memory_anomalies,1:MongoDB 副本集选举失败,MongoDB 副本集选举失败,0.95,rule,gaia-memory-db,False
5:gaia-dbservice1-2021-07-11_00`:45`:02-memory_anomalies,1:MongoDB 副本集选举失败,MongoDB 副本集选举失败,0.95,rule,gaia-memory-db,False
5:gaia-dbservice1-2021-07-11_19`:37`:18-memory_anomalies,1:MongoDB 副本集选举失败,MongoDB 副本集选举失败,0.95,rule,gaia-memory-db,False
5:gaia-dbservice1-2021-07-12_18`:09`:31-memory_anomalies,1:MongoDB 副本集选举失败,MongoDB 副本集选举失败,0.95,rule,gaia-memory-db,False
5:gaia-dbservice1-2021-07-13_12`:19`:49-memory_anomalies,1:MongoDB 副本集选举失败,MongoDB 副本集选举失败,0.95,rule,gaia-memory-db,False
5:gaia-dbservice1-2021-07-13_16`:53`:54-memory_anomalies,1:MongoDB 副本集选举失败,MongoDB 副本集选举失败,0.95,rule,gaia-memory-db,False
5:gaia-dbservice1-2021-07-14_12`:37`:39-memory_anomalies,1:MongoDB 副本集选举失败,MongoDB 副本集选举失败,0.95,rule,gaia-memory-db,False
5:gaia-dbservice1-2021-07-14_23`:41`:00-memory_anomalies,1:MongoDB 副本集选举失败,MongoDB 副本集选举失败,0.95,rule,gaia-memory-db,False
5:gaia-dbservice1-2021-07-15_08`:40`:04-memory_anomalies,1:MongoDB 副本集选举失败,MongoDB 副本集选举失败,0.95,rule,gaia-memory-db,False
5:gaia-dbservice1-2021-07-15_10`:06`:35-memory_anomalies,1:MongoDB 副本集选举失败,MongoDB 副本集选举失败,0.95,rule,gaia-memory-db,False
5:gaia-dbservice1-2021-07-15_23`:51`:53-memory_anomalies,1:MongoDB 副本集选举失败,MongoDB 副本集选举失败,0.95,rule,gaia-memory-db,False
5:gaia-dbservice1-2021-07-16_04`:31`:33-memory_anomalies,1:MongoDB 副本集选举失败,MongoDB 副本集选举失败,0.95,rule,gaia-memory-db,False
5:gaia-dbservice1-2021-07-16_08`:45`:40-memory_anomalies,1:MongoDB 副本集选举失败,MongoDB 副本集选举失败,0.95,rule,gaia-memory-db,False
5:gaia-dbservice1-2021-07-16_22`:18`:34-memory_anomalies,1:MongoDB 副本集选举失败,MongoDB 副本集选举失败,0.95,rule,gaia-memory-db,False
5:gaia-dbservice1-2021-07-17_08`:45`:14-memory_anomalies,1:MongoDB 副本集选举失败,MongoDB 副本集选举失败,0.95,rule,gaia-memory-db,False
5:gaia-dbservice1-2021-07-17_16`:52`:01-memory_anomalies,1:MongoDB 副本集选举失败,MongoDB 副本集选举失败,0.95,rule,gaia-memory-db,False
5:gaia-dbservice1-2021-07-17_20`:08`:58-memory_anomalies,1:MongoDB 副本集选举失败,MongoDB 副本集选举失败,0.95,rule,gaia-memory-db,False
5:gaia-dbservice1-2021-07-18_08`:55`:08-memory_anomalies,1:MongoDB 副本集选举失败,MongoDB 副本集选举失败,0.95,rule,gaia-memory-db,False
5:gaia-dbservice1-2021-07-20_09`:33`:35-memory_anomalies,1:MongoDB 副本集选举失败,MongoDB 副本集选举失败,0.95,rule,gaia-memory-db,False
5:gaia-dbservice1-2021-07-20_13`:38`:01-memory_anomalies,1:MongoDB 副本集选举失败,MongoDB 副本集选举失败,0.95,rule,gaia-memory-db,False
5:gaia-dbservice1-2021-07-21_05`:31`:10-memory_anomalies,1:MongoDB 副本集选举失败,MongoDB 副本集选举失败,0.95,rule,gaia-memory-db,False
5:gaia-dbservice1-2021-07-21_09`:01`:49-memory_anomalies,1:MongoDB 副本集选举失败,MongoDB 副本集选举失败,0.95,rule,gaia-memory-db,False
5:gaia-dbservice1-2021-07-22_00`:14`:56-memory_anomalies,1:MongoDB 副本集选举失败,MongoDB 副本集选举失败,0.95,rule,gaia-memory-db,False
5:gaia-dbservice1-2021-07-22_07`:35`:13-memory_anomalies,1:MongoDB 副本集选举失败,MongoDB 副本集选举失败,0.95,rule,gaia-memory-db,False
5:gaia-dbservice1-2021-07-23_13`:28`:22-memory_anomalies,1:MongoDB 副本集选举失败,MongoDB 副本集选举失败,0.95,rule,gaia-memory-db,False
5:gaia-dbservice1-2021-07-24_03`:43`:34-memory_anomalies,1:MongoDB 副本集选举失败,MongoDB 副本集选举失败,0.95,rule,gaia-memory-db,False
5:gaia-dbservice1-2021-07-24_05`:20`:46-memory_anomalies,1:MongoDB 副本集选举失败,MongoDB 副本集选举失败,0.95,rule,gaia-memory-db,False
5:gaia-dbservice1-2021-07-24_09`:40`:44-memory_anomalies,1:MongoDB 副本集选举失败,MongoDB 副本集选举失败,0.95,rule,gaia-memory-db,False
5:gaia-dbservice1-2021-07-24_20`:05`:47-memory_anomalies,1:MongoDB 副本集选举失败,MongoDB 副本集选举失败,0.95,rule,gaia-memory-db,False
5:gaia-dbservice1-2021-07-25_14`:26`:40-memory_anomalies,1:MongoDB 副本集选举失败,MongoDB 副本集选举失败,0.95,rule,gaia-memory-db,False
5:gaia-dbservice1-2021-07-25_18`:26`:17-memory_anomalies,1:MongoDB 副本集选举失败,MongoDB 副本集选举失败,0.95,rule,gaia-memory-db,False
5:gaia-dbservice1-2021-07-25_23`:20`:58-memory_anomalies,1:MongoDB 副本集选举失败,MongoDB 副本集选举失败,0.95,rule,gaia-memory-db,False
5:gaia-dbservice1-2021-07-26_03`:04`:32-memory_anomalies,1:MongoDB 副本集选举失败,MongoDB 副本集选举失败,0.95,rule,gaia-memory-db,False
5:gaia-dbservice1-2021-07-26_04`:04`:53-memory_anomalies,1:MongoDB 副本集选举失败,MongoDB 副本集选举失败,0.95,rule,gaia-memory-db,False
5:gaia-dbservice1-2021-07-26_07`:07`:59-memory_anomalies,1:MongoDB 副本集选举失败,MongoDB 副本集选举失败,0.95,rule,gaia-memory-db,False
5:gaia-dbservice1-2021-07-26_08`:36`:33-memory_anomalies,1:MongoDB 副本集选举失败,MongoDB 副本集选举失败,0.95,rule,gaia-memory-db,False
5:gaia-dbservice1-2021-07-26_11`:03`:52-memory_anomalies,1:MongoDB 副本集选举失败,MongoDB 副本集选举失败,0.95,rule,gaia-memory-db,False
5:gaia-dbservice1-2021-07-26_16`:27`:07-memory_anomalies,1:MongoDB 副本集选举失败,MongoDB 副本集选举失败,0.95,rule,gaia-memory-db,False
5:gaia-dbservice1-2021-07-27_08`:17`:30-memory_anomalies,1:MongoDB 副本集选举失败,MongoDB 副本集选举失败,0.95,rule,gaia-memory-db,False
5:gaia-dbservice1-2021-07-27_11`:45`:11-memory_anomalies,1:MongoDB 副本集选举失败,MongoDB 副本集选举失败,0.95,rule,gaia-memory-db,False
5:gaia-dbservice1-2021-07-27_15`:35`:39-memory_anomalies,1:MongoDB 副本集选举失败,MongoDB 副本集选举失败,0.95,rule,gaia-memory-db,False
5:gaia-dbservice1-2021-07-27_23`:46`:25-cpu_anomalies,1:K8s Pod Pending 无法调度（Insufficient CPU/Memory）,K8s Pod Pending 无法调度（Insufficient CPU/Memory）,0.93,rule,gaia-cpu-db,False
5:gaia-dbservice1-2021-07-28_00`:36`:27-memory_anomalies,1:MongoDB 副本集选举失败,MongoDB 副本集选举失败,0.95,rule,gaia-memory-db,False
5:gaia-dbservice1-2021-07-28_09`:33`:39-cpu_anomalies,1:K8s Pod Pending 无法调度（Insufficient CPU/Memory）,K8s Pod Pending 无法调度（Insufficient CPU/Memory）,0.93,rule,gaia-cpu-db,False
5:gaia-dbservice1-2021-07-28_12`:34`:11-cpu_anomalies,1:K8s Pod Pending 无法调度（Insufficient CPU/Memory）,K8s Pod Pending 无法调度（Insufficient CPU/Memory）,0.93,rule,gaia-cpu-db,False
5:gaia-dbservice1-2021-07-28_13`:00`:00-memory_anomalies,1:MongoDB 副本集选举失败,MongoDB 副本集选举失败,0.95,rule,gaia-memory-db,False
5:gaia-dbservice1-2021-07-28_15`:31`:33-cpu_anomalies,1:K8s Pod Pending 无法调度（Insufficient CPU/Memory）,K8s Pod Pending 无法调度（Insufficient CPU/Memory）,0.93,rule,gaia-cpu-db,False
5:gaia-dbservice1-2021-07-28_20`:00`:21-memory_anomalies,1:MongoDB 副本集选举失败,MongoDB 副本集选举失败,0.95,rule,gaia-memory-db,False
5:gaia-dbservice1-2021-07-28_22`:01`:39-cpu_anomalies,1:K8s Pod Pending 无法调度（Insufficient CPU/Memory）,K8s Pod Pending 无法调度（Insufficient CPU/Memory）,0.93,rule,gaia-cpu-db,False
5:gaia-dbservice1-2021-07-29_03`:28`:44-cpu_anomalies,1:K8s Pod Pending 无法调度（Insufficient CPU/Memory）,K8s Pod Pending 无法调度（Insufficient CPU/Memory）,0.93,rule,gaia-cpu-db,False
5:gaia-dbservice1-2021-07-29_15`:34`:36-cpu_anomalies,1:K8s Pod Pending 无法调度（Insufficient CPU/Memory）,K8s Pod Pending 无法调度（Insufficient CPU/Memory）,0.93,rule,gaia-cpu-db,False
5:gaia-dbservice1-2021-07-30_22`:05`:18-memory_anomalies,1:MongoDB 副本集选举失败,MongoDB 副本集选举失败,0.95,rule,gaia-memory-db,False
5:gaia-dbservice1-2021-07-31_03`:37`:06-memory_anomalies,1:MongoDB 副本集选举失败,MongoDB 副本集选举失败,0.95,rule,gaia-memory-db,False
5:gaia-dbservice1-2021-07-31_03`:57`:07-cpu_anomalies,1:K8s Pod Pending 无法调度（Insufficient CPU/Memory）,K8s Pod Pending 无法调度（Insufficient CPU/Memory）,0.93,rule,gaia-cpu-db,False
5:gaia-dbservice1-2021-07-31_23`:18`:43-memory_anomalies,1:MongoDB 副本集选举失败,MongoDB 副本集选举失败,0.95,rule,gaia-memory-db,False
5:gaia-dbservice2-2021-07-01_12`:54`:56-memory_anomalies,1:MongoDB 副本集选举失败,MongoDB 副本集选举失败,0.95,rule,gaia-memory-db,False
5:gaia-dbservice2-2021-07-01_15`:10`:23-memory_anomalies,1:MongoDB 副本集选举失败,MongoDB 副本集选举失败,0.95,rule,gaia-memory-db,False
5:gaia-dbservice2-2021-07-02_02`:30`:02-memory_anomalies,1:MongoDB 副本集选举失败,MongoDB 副本集选举失败,0.95,rule,gaia-memory-db,False
5:gaia-dbservice2-2021-07-02_20`:25`:48-memory_anomalies,1:MongoDB 副本集选举失败,MongoDB 副本集选举失败,0.95,rule,gaia-memory-db,False
5:gaia-dbservice2-2021-07-02_23`:52`:33-memory_anomalies,1:MongoDB 副本集选举失败,MongoDB 副本集选举失败,0.95,rule,gaia-memory-db,False
5:gaia-dbservice2-2021-07-03_23`:59`:43-memory_anomalies,1:MongoDB 副本集选举失败,MongoDB 副本集选举失败,0.95,rule,gaia-memory-db,False
5:gaia-dbservice2-2021-07-04_01`:44`:18-memory_anomalies,1:MongoDB 副本集选举失败,MongoDB 副本集选举失败,0.95,rule,gaia-memory-db,False
5:gaia-dbservice2-2021-07-05_04`:24`:49-memory_anomalies,1:MongoDB 副本集选举失败,MongoDB 副本集选举失败,0.95,rule,gaia-memory-db,False
5:gaia-dbservice2-2021-07-05_05`:38`:35-memory_anomalies,1:MongoDB 副本集选举失败,MongoDB 副本集选举失败,0.95,rule,gaia-memory-db,False
5:gaia-dbservice2-2021-07-06_09`:35`:39-memory_anomalies,1:MongoDB 副本集选举失败,MongoDB 副本集选举失败,0.95,rule,gaia-memory-db,False
5:gaia-dbservice2-2021-07-06_13`:50`:30-memory_anomalies,1:MongoDB 副本集选举失败,MongoDB 副本集选举失败,0.95,rule,gaia-memory-db,False
5:gaia-dbservice2-2021-07-06_15`:59`:17-memory_anomalies,1:MongoDB 副本集选举失败,MongoDB 副本集选举失败,0.95,rule,gaia-memory-db,False
5:gaia-dbservice2-2021-07-07_05`:06`:28-memory_anomalies,1:MongoDB 副本集选举失败,MongoDB 副本集选举失败,0.95,rule,gaia-memory-db,False
5:gaia-dbservice2-2021-07-07_11`:21`:32-memory_anomalies,1:MongoDB 副本集选举失败,MongoDB 副本集选举失败,0.95,rule,gaia-memory-db,False
5:gaia-dbservice2-2021-07-07_14`:53`:00-memory_anomalies,1:MongoDB 副本集选举失败,MongoDB 副本集选举失败,0.95,rule,gaia-memory-db,False
5:gaia-dbservice2-2021-07-08_00`:41`:32-memory_anomalies,1:MongoDB 副本集选举失败,MongoDB 副本集选举失败,0.95,rule,gaia-memory-db,False
5:gaia-dbservice2-2021-07-08_02`:38`:17-memory_anomalies,1:MongoDB 副本集选举失败,MongoDB 副本集选举失败,0.95,rule,gaia-memory-db,False
5:gaia-dbservice2-2021-07-08_04`:54`:18-memory_anomalies,1:MongoDB 副本集选举失败,MongoDB 副本集选举失败,0.95,rule,gaia-memory-db,False
5:gaia-dbservice2-2021-07-08_21`:42`:20-memory_anomalies,1:MongoDB 副本集选举失败,MongoDB 副本集选举失败,0.95,rule,gaia-memory-db,False
5:gaia-dbservice2-2021-07-10_19`:18`:46-memory_anomalies,1:MongoDB 副本集选举失败,MongoDB 副本集选举失败,0.95,rule,gaia-memory-db,False
5:gaia-dbservice2-2021-07-10_21`:40`:37-memory_anomalies,1:MongoDB 副本集选举失败,MongoDB 副本集选举失败,0.95,rule,gaia-memory-db,False
5:gaia-dbservice2-2021-07-11_05`:35`:39-memory_anomalies,1:MongoDB 副本集选举失败,MongoDB 副本集选举失败,0.95,rule,gaia-memory-db,False
5:gaia-dbservice2-2021-07-11_07`:31`:56-memory_anomalies,1:MongoDB 副本集选举失败,MongoDB 副本集选举失败,0.95,rule,gaia-memory-db,False
5:gaia-dbservice2-2021-07-11_22`:43`:59-memory_anomalies,1:MongoDB 副本集选举失败,MongoDB 副本集选举失败,0.95,rule,gaia-memory-db,False
5:gaia-dbservice2-2021-07-12_01`:33`:01-memory_anomalies,1:MongoDB 副本集选举失败,MongoDB 副本集选举失败,0.95,rule,gaia-memory-db,False
5:gaia-dbservice2-2021-07-12_05`:04`:15-memory_anomalies,1:MongoDB 副本集选举失败,MongoDB 副本集选举失败,0.95,rule,gaia-memory-db,False
5:gaia-dbservice2-2021-07-12_13`:16`:48-memory_anomalies,1:MongoDB 副本集选举失败,MongoDB 副本集选举失败,0.95,rule,gaia-memory-db,False
5:gaia-dbservice2-2021-07-12_21`:59`:44-memory_anomalies,1:MongoDB 副本集选举失败,MongoDB 副本集选举失败,0.95,rule,gaia-memory-db,False
5:gaia-dbservice2-2021-07-12_22`:54`:34-memory_anomalies,1:MongoDB 副本集选举失败,MongoDB 副本集选举失败,0.95,rule,gaia-memory-db,False
5:gaia-dbservice2-2021-07-13_06`:19`:25-memory_anomalies,1:MongoDB 副本集选举失败,MongoDB 副本集选举失败,0.95,rule,gaia-memory-db,False
5:gaia-dbservice2-2021-07-14_06`:12`:02-memory_anomalies,1:MongoDB 副本集选举失败,MongoDB 副本集选举失败,0.95,rule,gaia-memory-db,False
5:gaia-dbservice2-2021-07-14_21`:30`:16-memory_anomalies,1:MongoDB 副本集选举失败,MongoDB 副本集选举失败,0.95,rule,gaia-memory-db,False
5:gaia-dbservice2-2021-07-15_02`:52`:21-memory_anomalies,1:MongoDB 副本集选举失败,MongoDB 副本集选举失败,0.95,rule,gaia-memory-db,False
5:gaia-dbservice2-2021-07-15_05`:03`:10-memory_anomalies,1:MongoDB 副本集选举失败,MongoDB 副本集选举失败,0.95,rule,gaia-memory-db,False
5:gaia-dbservice2-2021-07-15_07`:38`:38-memory_anomalies,1:MongoDB 副本集选举失败,MongoDB 副本集选举失败,0.95,rule,gaia-memory-db,False
5:gaia-dbservice2-2021-07-15_16`:48`:19-memory_anomalies,1:MongoDB 副本集选举失败,MongoDB 副本集选举失败,0.95,rule,gaia-memory-db,False
5:gaia-dbservice2-2021-07-15_18`:03`:52-memory_anomalies,1:MongoDB 副本集选举失败,MongoDB 副本集选举失败,0.95,rule,gaia-memory-db,False
5:gaia-dbservice2-2021-07-16_06`:02`:24-memory_anomalies,1:MongoDB 副本集选举失败,MongoDB 副本集选举失败,0.95,rule,gaia-memory-db,False
5:gaia-dbservice2-2021-07-16_07`:05`:31-memory_anomalies,1:MongoDB 副本集选举失败,MongoDB 副本集选举失败,0.95,rule,gaia-memory-db,False
5:gaia-dbservice2-2021-07-16_10`:06`:55-memory_anomalies,1:MongoDB 副本集选举失败,MongoDB 副本集选举失败,0.95,rule,gaia-memory-db,False
5:gaia-dbservice2-2021-07-16_13`:36`:08-memory_anomalies,1:MongoDB 副本集选举失败,MongoDB 副本集选举失败,0.95,rule,gaia-memory-db,False
5:gaia-dbservice2-2021-07-16_18`:19`:55-memory_anomalies,1:MongoDB 副本集选举失败,MongoDB 副本集选举失败,0.95,rule,gaia-memory-db,False
5:gaia-dbservice2-2021-07-17_04`:56`:53-memory_anomalies,1:MongoDB 副本集选举失败,MongoDB 副本集选举失败,0.95,rule,gaia-memory-db,False
5:gaia-dbservice2-2021-07-18_05`:25`:41-memory_anomalies,1:MongoDB 副本集选举失败,MongoDB 副本集选举失败,0.95,rule,gaia-memory-db,False
5:gaia-dbservice2-2021-07-18_09`:58`:35-memory_anomalies,1:MongoDB 副本集选举失败,MongoDB 副本集选举失败,0.95,rule,gaia-memory-db,False
5:gaia-dbservice2-2021-07-18_11`:26`:38-memory_anomalies,1:MongoDB 副本集选举失败,MongoDB 副本集选举失败,0.95,rule,gaia-memory-db,False
5:gaia-dbservice2-2021-07-18_22`:38`:35-memory_anomalies,1:MongoDB 副本集选举失败,MongoDB 副本集选举失败,0.95,rule,gaia-memory-db,False
5:gaia-dbservice2-2021-07-18_23`:41`:23-memory_anomalies,1:MongoDB 副本集选举失败,MongoDB 副本集选举失败,0.95,rule,gaia-memory-db,False
5:gaia-dbservice2-2021-07-20_03`:01`:40-memory_anomalies,1:MongoDB 副本集选举失败,MongoDB 副本集选举失败,0.95,rule,gaia-memory-db,False
5:gaia-dbservice2-2021-07-20_05`:59`:21-memory_anomalies,1:MongoDB 副本集选举失败,MongoDB 副本集选举失败,0.95,rule,gaia-memory-db,False
5:gaia-dbservice2-2021-07-20_06`:53`:36-memory_anomalies,1:MongoDB 副本集选举失败,MongoDB 副本集选举失败,0.95,rule,gaia-memory-db,False
5:gaia-dbservice2-2021-07-20_14`:16`:18-memory_anomalies,1:MongoDB 副本集选举失败,MongoDB 副本集选举失败,0.95,rule,gaia-memory-db,False
5:gaia-dbservice2-2021-07-20_16`:42`:19-memory_anomalies,1:MongoDB 副本集选举失败,MongoDB 副本集选举失败,0.95,rule,gaia-memory-db,False
5:gaia-dbservice2-2021-07-20_22`:09`:50-memory_anomalies,1:MongoDB 副本集选举失败,MongoDB 副本集选举失败,0.95,rule,gaia-memory-db,False
5:gaia-dbservice2-2021-07-21_03`:59`:18-memory_anomalies,1:MongoDB 副本集选举失败,MongoDB 副本集选举失败,0.95,rule,gaia-memory-db,False
5:gaia-dbservice2-2021-07-21_14`:09`:59-memory_anomalies,1:MongoDB 副本集选举失败,MongoDB 副本集选举失败,0.95,rule,gaia-memory-db,False
5:gaia-dbservice2-2021-07-21_17`:01`:24-memory_anomalies,1:MongoDB 副本集选举失败,MongoDB 副本集选举失败,0.95,rule,gaia-memory-db,False
5:gaia-dbservice2-2021-07-21_18`:03`:14-memory_anomalies,1:MongoDB 副本集选举失败,MongoDB 副本集选举失败,0.95,rule,gaia-memory-db,False
5:gaia-dbservice2-2021-07-22_13`:53`:59-memory_anomalies,1:MongoDB 副本集选举失败,MongoDB 副本集选举失败,0.95,rule,gaia-memory-db,False
5:gaia-dbservice2-2021-07-22_15`:51`:57-memory_anomalies,1:MongoDB 副本集选举失败,MongoDB 副本集选举失败,0.95,rule,gaia-memory-db,False
5:gaia-dbservice2-2021-07-23_01`:10`:02-memory_anomalies,1:MongoDB 副本集选举失败,MongoDB 副本集选举失败,0.95,rule,gaia-memory-db,False
5:gaia-dbservice2-2021-07-23_11`:30`:11-memory_anomalies,1:MongoDB 副本集选举失败,MongoDB 副本集选举失败,0.95,rule,gaia-memory-db,False
5:gaia-dbservice2-2021-07-23_22`:34`:16-memory_anomalies,1:MongoDB 副本集选举失败,MongoDB 副本集选举失败,0.95,rule,gaia-memory-db,False
5:gaia-dbservice2-2021-07-24_00`:43`:14-memory_anomalies,1:MongoDB 副本集选举失败,MongoDB 副本集选举失败,0.95,rule,gaia-memory-db,False
5:gaia-dbservice2-2021-07-24_04`:27`:38-memory_anomalies,1:MongoDB 副本集选举失败,MongoDB 副本集选举失败,0.95,rule,gaia-memory-db,False
5:gaia-dbservice2-2021-07-24_19`:58`:57-memory_anomalies,1:MongoDB 副本集选举失败,MongoDB 副本集选举失败,0.95,rule,gaia-memory-db,False
5:gaia-dbservice2-2021-07-25_03`:43`:37-memory_anomalies,1:MongoDB 副本集选举失败,MongoDB 副本集选举失败,0.95,rule,gaia-memory-db,False
5:gaia-dbservice2-2021-07-25_10`:09`:19-memory_anomalies,1:MongoDB 副本集选举失败,MongoDB 副本集选举失败,0.95,rule,gaia-memory-db,False
5:gaia-dbservice2-2021-07-26_08`:09`:06-memory_anomalies,1:MongoDB 副本集选举失败,MongoDB 副本集选举失败,0.95,rule,gaia-memory-db,False
5:gaia-dbservice2-2021-07-26_12`:52`:08-memory_anomalies,1:MongoDB 副本集选举失败,MongoDB 副本集选举失败,0.95,rule,gaia-memory-db,False
5:gaia-dbservice2-2021-07-26_18`:49`:34-memory_anomalies,1:MongoDB 副本集选举失败,MongoDB 副本集选举失败,0.95,rule,gaia-memory-db,False
5:gaia-dbservice2-2021-07-26_20`:38`:42-memory_anomalies,1:MongoDB 副本集选举失败,MongoDB 副本集选举失败,0.95,rule,gaia-memory-db,False
5:gaia-dbservice2-2021-07-27_08`:44`:38-memory_anomalies,1:MongoDB 副本集选举失败,MongoDB 副本集选举失败,0.95,rule,gaia-memory-db,False
5:gaia-dbservice2-2021-07-27_09`:46`:05-memory_anomalies,1:MongoDB 副本集选举失败,MongoDB 副本集选举失败,0.95,rule,gaia-memory-db,False
5:gaia-dbservice2-2021-07-27_14`:03`:08-memory_anomalies,1:MongoDB 副本集选举失败,MongoDB 副本集选举失败,0.95,rule,gaia-memory-db,False
5:gaia-dbservice2-2021-07-27_16`:07`:55-memory_anomalies,1:MongoDB 副本集选举失败,MongoDB 副本集选举失败,0.95,rule,gaia-memory-db,False
5:gaia-dbservice2-2021-07-27_22`:42`:16-memory_anomalies,1:MongoDB 副本集选举失败,MongoDB 副本集选举失败,0.95,rule,gaia-memory-db,False
5:gaia-dbservice2-2021-07-28_04`:46`:29-memory_anomalies,1:MongoDB 副本集选举失败,MongoDB 副本集选举失败,0.95,rule,gaia-memory-db,False
5:gaia-dbservice2-2021-07-28_07`:31`:48-memory_anomalies,1:MongoDB 副本集选举失败,MongoDB 副本集选举失败,0.95,rule,gaia-memory-db,False
5:gaia-dbservice2-2021-07-28_17`:33`:41-memory_anomalies,1:MongoDB 副本集选举失败,MongoDB 副本集选举失败,0.95,rule,gaia-memory-db,False
5:gaia-dbservice2-2021-07-28_19`:45`:50-memory_anomalies,1:MongoDB 副本集选举失败,MongoDB 副本集选举失败,0.95,rule,gaia-memory-db,False
5:gaia-dbservice2-2021-07-29_00`:50`:36-memory_anomalies,1:MongoDB 副本集选举失败,MongoDB 副本集选举失败,0.95,rule,gaia-memory-db,False
5:gaia-dbservice2-2021-07-29_07`:58`:27-memory_anomalies,1:MongoDB 副本集选举失败,MongoDB 副本集选举失败,0.95,rule,gaia-memory-db,False
5:gaia-dbservice2-2021-07-29_21`:58`:18-memory_anomalies,1:MongoDB 副本集选举失败,MongoDB 副本集选举失败,0.95,rule,gaia-memory-db,False
5:gaia-dbservice2-2021-07-30_11`:03`:50-memory_anomalies,1:MongoDB 副本集选举失败,MongoDB 副本集选举失败,0.95,rule,gaia-memory-db,False
5:gaia-dbservice2-2021-07-30_15`:11`:51-memory_anomalies,1:MongoDB 副本集选举失败,MongoDB 副本集选举失败,0.95,rule,gaia-memory-db,False
5:gaia-dbservice2-2021-07-30_16`:39`:15-memory_anomalies,1:MongoDB 副本集选举失败,MongoDB 副本集选举失败,0.95,rule,gaia-memory-db,False
5:gaia-dbservice2-2021-07-30_21`:23`:50-memory_anomalies,1:MongoDB 副本集选举失败,MongoDB 副本集选举失败,0.95,rule,gaia-memory-db,False
5:gaia-dbservice2-2021-07-31_02`:40`:10-memory_anomalies,1:MongoDB 副本集选举失败,MongoDB 副本集选举失败,0.95,rule,gaia-memory-db,False
5:gaia-logservice1-2021-07-02_06`:35`:51-memory_anomalies,1:Elasticsearch 写入拒绝（429）,Elasticsearch 写入拒绝（429）,0.94,rule,gaia-memory-log,False
5:gaia-logservice1-2021-07-02_14`:00`:59-memory_anomalies,1:Elasticsearch 写入拒绝（429）,Elasticsearch 写入拒绝（429）,0.94,rule,gaia-memory-log,False
5:gaia-logservice1-2021-07-03_04`:19`:49-memory_anomalies,1:Elasticsearch 写入拒绝（429）,Elasticsearch 写入拒绝（429）,0.94,rule,gaia-memory-log,False
5:gaia-logservice1-2021-07-03_07`:48`:56-memory_anomalies,1:Elasticsearch 写入拒绝（429）,Elasticsearch 写入拒绝（429）,0.94,rule,gaia-memory-log,False
5:gaia-logservice1-2021-07-03_11`:23`:55-memory_anomalies,1:Elasticsearch 写入拒绝（429）,Elasticsearch 写入拒绝（429）,0.94,rule,gaia-memory-log,False
5:gaia-logservice1-2021-07-04_00`:59`:41-memory_anomalies,1:Elasticsearch 写入拒绝（429）,Elasticsearch 写入拒绝（429）,0.94,rule,gaia-memory-log,False
5:gaia-logservice1-2021-07-04_22`:22`:05-memory_anomalies,1:Elasticsearch 写入拒绝（429）,Elasticsearch 写入拒绝（429）,0.94,rule,gaia-memory-log,False
5:gaia-logservice1-2021-07-05_03`:22`:55-memory_anomalies,1:Elasticsearch 写入拒绝（429）,Elasticsearch 写入拒绝（429）,0.94,rule,gaia-memory-log,False
5:gaia-logservice1-2021-07-05_08`:37`:23-memory_anomalies,1:Elasticsearch 写入拒绝（429）,Elasticsearch 写入拒绝（429）,0.94,rule,gaia-memory-log,False
5:gaia-logservice1-2021-07-05_14`:00`:02-memory_anomalies,1:Elasticsearch 写入拒绝（429）,Elasticsearch 写入拒绝（429）,0.94,rule,gaia-memory-log,False
5:gaia-logservice1-2021-07-05_17`:32`:22-memory_anomalies,1:Elasticsearch 写入拒绝（429）,Elasticsearch 写入拒绝（429）,0.94,rule,gaia-memory-log,False
5:gaia-logservice1-2021-07-05_21`:15`:22-memory_anomalies,1:Elasticsearch 写入拒绝（429）,Elasticsearch 写入拒绝（429）,0.94,rule,gaia-memory-log,False
5:gaia-logservice1-2021-07-07_07`:16`:14-memory_anomalies,1:Elasticsearch 写入拒绝（429）,Elasticsearch 写入拒绝（429）,0.94,rule,gaia-memory-log,False
5:gaia-logservice1-2021-07-07_16`:01`:14-memory_anomalies,1:Elasticsearch 写入拒绝（429）,Elasticsearch 写入拒绝（429）,0.94,rule,gaia-memory-log,False
5:gaia-logservice1-2021-07-08_03`:32`:06-memory_anomalies,1:Elasticsearch 写入拒绝（429）,Elasticsearch 写入拒绝（429）,0.94,rule,gaia-memory-log,False
5:gaia-logservice1-2021-07-08_09`:41`:45-memory_anomalies,1:Elasticsearch 写入拒绝（429）,Elasticsearch 写入拒绝（429）,0.94,rule,gaia-memory-log,False
5:gaia-logservice1-2021-07-09_18`:30`:15-memory_anomalies,1:Elasticsearch 写入拒绝（429）,Elasticsearch 写入拒绝（429）,0.94,rule,gaia-memory-log,False
5:gaia-logservice1-2021-07-09_23`:42`:11-memory_anomalies,1:Elasticsearch 写入拒绝（429）,Elasticsearch 写入拒绝（429）,0.94,rule,gaia-memory-log,False
5:gaia-logservice1-2021-07-10_05`:27`:43-memory_anomalies,1:Elasticsearch 写入拒绝（429）,Elasticsearch 写入拒绝（429）,0.94,rule,gaia-memory-log,False
5:gaia-logservice1-2021-07-10_17`:05`:56-memory_anomalies,1:Elasticsearch 写入拒绝（429）,Elasticsearch 写入拒绝（429）,0.94,rule,gaia-memory-log,False
5:gaia-logservice1-2021-07-10_20`:52`:47-memory_anomalies,1:Elasticsearch 写入拒绝（429）,Elasticsearch 写入拒绝（429）,0.94,rule,gaia-memory-log,False
5:gaia-logservice1-2021-07-11_01`:31`:01-memory_anomalies,1:Elasticsearch 写入拒绝（429）,Elasticsearch 写入拒绝（429）,0.94,rule,gaia-memory-log,False
5:gaia-logservice1-2021-07-11_15`:56`:33-memory_anomalies,1:Elasticsearch 写入拒绝（429）,Elasticsearch 写入拒绝（429）,0.94,rule,gaia-memory-log,False
5:gaia-logservice1-2021-07-11_22`:37`:43-memory_anomalies,1:Elasticsearch 写入拒绝（429）,Elasticsearch 写入拒绝（429）,0.94,rule,gaia-memory-log,False
5:gaia-logservice1-2021-07-12_06`:03`:36-memory_anomalies,1:Elasticsearch 写入拒绝（429）,Elasticsearch 写入拒绝（429）,0.94,rule,gaia-memory-log,False
5:gaia-logservice1-2021-07-12_08`:44`:58-memory_anomalies,1:Elasticsearch 写入拒绝（429）,Elasticsearch 写入拒绝（429）,0.94,rule,gaia-memory-log,False
5:gaia-logservice1-2021-07-12_10`:34`:35-memory_anomalies,1:Elasticsearch 写入拒绝（429）,Elasticsearch 写入拒绝（429）,0.94,rule,gaia-memory-log,False
5:gaia-logservice1-2021-07-12_15`:09`:19-memory_anomalies,1:Elasticsearch 写入拒绝（429）,Elasticsearch 写入拒绝（429）,0.94,rule,gaia-memory-log,False
5:gaia-logservice1-2021-07-12_16`:10`:08-memory_anomalies,1:Elasticsearch 写入拒绝（429）,Elasticsearch 写入拒绝（429）,0.94,rule,gaia-memory-log,False
5:gaia-logservice1-2021-07-12_21`:30`:07-memory_anomalies,1:Elasticsearch 写入拒绝（429）,Elasticsearch 写入拒绝（429）,0.94,rule,gaia-memory-log,False
5:gaia-logservice1-2021-07-13_01`:17`:17-memory_anomalies,1:Elasticsearch 写入拒绝（429）,Elasticsearch 写入拒绝（429）,0.94,rule,gaia-memory-log,False
5:gaia-logservice1-2021-07-13_12`:46`:28-memory_anomalies,1:Elasticsearch 写入拒绝（429）,Elasticsearch 写入拒绝（429）,0.94,rule,gaia-memory-log,False
5:gaia-logservice1-2021-07-13_20`:32`:23-memory_anomalies,1:Elasticsearch 写入拒绝（429）,Elasticsearch 写入拒绝（429）,0.94,rule,gaia-memory-log,False
5:gaia-logservice1-2021-07-13_23`:29`:57-memory_anomalies,1:Elasticsearch 写入拒绝（429）,Elasticsearch 写入拒绝（429）,0.94,rule,gaia-memory-log,False
5:gaia-logservice1-2021-07-15_05`:47`:35-memory_anomalies,1:Elasticsearch 写入拒绝（429）,Elasticsearch 写入拒绝（429）,0.94,rule,gaia-memory-log,False
5:gaia-logservice1-2021-07-15_08`:13`:54-memory_anomalies,1:Elasticsearch 写入拒绝（429）,Elasticsearch 写入拒绝（429）,0.94,rule,gaia-memory-log,False
5:gaia-logservice1-2021-07-15_17`:47`:39-memory_anomalies,1:Elasticsearch 写入拒绝（429）,Elasticsearch 写入拒绝（429）,0.94,rule,gaia-memory-log,False
5:gaia-logservice1-2021-07-15_23`:22`:32-memory_anomalies,1:Elasticsearch 写入拒绝（429）,Elasticsearch 写入拒绝（429）,0.94,rule,gaia-memory-log,False
5:gaia-logservice1-2021-07-16_07`:15`:36-memory_anomalies,1:Elasticsearch 写入拒绝（429）,Elasticsearch 写入拒绝（429）,0.94,rule,gaia-memory-log,False
5:gaia-logservice1-2021-07-17_16`:58`:43-memory_anomalies,1:Elasticsearch 写入拒绝（429）,Elasticsearch 写入拒绝（429）,0.94,rule,gaia-memory-log,False
5:gaia-logservice1-2021-07-17_19`:56`:33-memory_anomalies,1:Elasticsearch 写入拒绝（429）,Elasticsearch 写入拒绝（429）,0.94,rule,gaia-memory-log,False
5:gaia-logservice1-2021-07-18_01`:27`:42-memory_anomalies,1:Elasticsearch 写入拒绝（429）,Elasticsearch 写入拒绝（429）,0.94,rule,gaia-memory-log,False
5:gaia-logservice1-2021-07-18_02`:28`:19-memory_anomalies,1:Elasticsearch 写入拒绝（429）,Elasticsearch 写入拒绝（429）,0.94,rule,gaia-memory-log,False
5:gaia-logservice1-2021-07-18_11`:38`:03-memory_anomalies,1:Elasticsearch 写入拒绝（429）,Elasticsearch 写入拒绝（429）,0.94,rule,gaia-memory-log,False
5:gaia-logservice1-2021-07-18_18`:13`:29-memory_anomalies,1:Elasticsearch 写入拒绝（429）,Elasticsearch 写入拒绝（429）,0.94,rule,gaia-memory-log,False
5:gaia-logservice1-2021-07-20_07`:04`:59-memory_anomalies,1:Elasticsearch 写入拒绝（429）,Elasticsearch 写入拒绝（429）,0.94,rule,gaia-memory-log,False
5:gaia-logservice1-2021-07-21_11`:03`:24-memory_anomalies,1:Elasticsearch 写入拒绝（429）,Elasticsearch 写入拒绝（429）,0.94,rule,gaia-memory-log,False
5:gaia-logservice1-2021-07-22_03`:58`:03-memory_anomalies,1:Elasticsearch 写入拒绝（429）,Elasticsearch 写入拒绝（429）,0.94,rule,gaia-memory-log,False
5:gaia-logservice1-2021-07-23_07`:09`:18-memory_anomalies,1:Elasticsearch 写入拒绝（429）,Elasticsearch 写入拒绝（429）,0.94,rule,gaia-memory-log,False
5:gaia-logservice1-2021-07-24_16`:29`:33-memory_anomalies,1:Elasticsearch 写入拒绝（429）,Elasticsearch 写入拒绝（429）,0.94,rule,gaia-memory-log,False
5:gaia-logservice1-2021-07-24_22`:26`:01-memory_anomalies,1:Elasticsearch 写入拒绝（429）,Elasticsearch 写入拒绝（429）,0.94,rule,gaia-memory-log,False
5:gaia-logservice1-2021-07-24_23`:40`:37-memory_anomalies,1:Elasticsearch 写入拒绝（429）,Elasticsearch 写入拒绝（429）,0.94,rule,gaia-memory-log,False
5:gaia-logservice1-2021-07-25_15`:58`:23-memory_anomalies,1:Elasticsearch 写入拒绝（429）,Elasticsearch 写入拒绝（429）,0.94,rule,gaia-memory-log,False
5:gaia-logservice1-2021-07-25_20`:13`:09-memory_anomalies,1:Elasticsearch 写入拒绝（429）,Elasticsearch 写入拒绝（429）,0.94,rule,gaia-memory-log,False
5:gaia-logservice1-2021-07-26_07`:10`:37-memory_anomalies,1:Elasticsearch 写入拒绝（429）,Elasticsearch 写入拒绝（429）,0.94,rule,gaia-memory-log,False
5:gaia-logservice1-2021-07-26_09`:24`:36-memory_anomalies,1:Elasticsearch 写入拒绝（429）,Elasticsearch 写入拒绝（429）,0.94,rule,gaia-memory-log,False
5:gaia-logservice1-2021-07-26_11`:31`:20-memory_anomalies,1:Elasticsearch 写入拒绝（429）,Elasticsearch 写入拒绝（429）,0.94,rule,gaia-memory-log,False
5:gaia-logservice1-2021-07-26_14`:37`:45-memory_anomalies,1:Elasticsearch 写入拒绝（429）,Elasticsearch 写入拒绝（429）,0.94,rule,gaia-memory-log,False
5:gaia-logservice1-2021-07-28_13`:00`:00-memory_anomalies,1:Elasticsearch 写入拒绝（429）,Elasticsearch 写入拒绝（429）,0.94,rule,gaia-memory-log,False
5:gaia-logservice1-2021-07-29_01`:40`:06-memory_anomalies,1:Elasticsearch 写入拒绝（429）,Elasticsearch 写入拒绝（429）,0.94,rule,gaia-memory-log,False
5:gaia-logservice1-2021-07-29_08`:04`:54-memory_anomalies,1:Elasticsearch 写入拒绝（429）,Elasticsearch 写入拒绝（429）,0.94,rule,gaia-memory-log,False
5:gaia-logservice1-2021-07-29_21`:08`:24-memory_anomalies,1:Elasticsearch 写入拒绝（429）,Elasticsearch 写入拒绝（429）,0.94,rule,gaia-memory-log,False
5:gaia-logservice1-2021-07-30_04`:33`:14-memory_anomalies,1:Elasticsearch 写入拒绝（429）,Elasticsearch 写入拒绝（429）,0.94,rule,gaia-memory-log,False
5:gaia-logservice1-2021-07-31_02`:57`:03-memory_anomalies,1:Elasticsearch 写入拒绝（429）,Elasticsearch 写入拒绝（429）,0.94,rule,gaia-memory-log,False
5:gaia-logservice1-2021-07-31_13`:01`:34-memory_anomalies,1:Elasticsearch 写入拒绝（429）,Elasticsearch 写入拒绝（429）,0.94,rule,gaia-memory-log,False
5:gaia-logservice1-2021-07-31_20`:07`:23-memory_anomalies,1:Elasticsearch 写入拒绝（429）,Elasticsearch 写入拒绝（429）,0.94,rule,gaia-memory-log,False
5:gaia-logservice2-2021-07-01_20`:45`:20-memory_anomalies,1:Elasticsearch 写入拒绝（429）,Elasticsearch 写入拒绝（429）,0.94,rule,gaia-memory-log,False
5:gaia-logservice2-2021-07-02_05`:33`:24-memory_anomalies,1:Elasticsearch 写入拒绝（429）,Elasticsearch 写入拒绝（429）,0.94,rule,gaia-memory-log,False
5:gaia-logservice2-2021-07-02_10`:29`:43-memory_anomalies,1:Elasticsearch 写入拒绝（429）,Elasticsearch 写入拒绝（429）,0.94,rule,gaia-memory-log,False
5:gaia-logservice2-2021-07-03_09`:26`:05-memory_anomalies,1:Elasticsearch 写入拒绝（429）,Elasticsearch 写入拒绝（429）,0.94,rule,gaia-memory-log,False
5:gaia-logservice2-2021-07-03_15`:24`:33-memory_anomalies,1:Elasticsearch 写入拒绝（429）,Elasticsearch 写入拒绝（429）,0.94,rule,gaia-memory-log,False
5:gaia-logservice2-2021-07-04_06`:16`:10-memory_anomalies,1:Elasticsearch 写入拒绝（429）,Elasticsearch 写入拒绝（429）,0.94,rule,gaia-memory-log,False
5:gaia-logservice2-2021-07-04_10`:57`:21-memory_anomalies,1:Elasticsearch 写入拒绝（429）,Elasticsearch 写入拒绝（429）,0.94,rule,gaia-memory-log,False
5:gaia-logservice2-2021-07-04_18`:04`:59-memory_anomalies,1:Elasticsearch 写入拒绝（429）,Elasticsearch 写入拒绝（429）,0.94,rule,gaia-memory-log,False
5:gaia-logservice2-2021-07-04_19`:05`:18-memory_anomalies,1:Elasticsearch 写入拒绝（429）,Elasticsearch 写入拒绝（429）,0.94,rule,gaia-memory-log,False
5:gaia-logservice2-2021-07-05_07`:24`:38-memory_anomalies,1:Elasticsearch 写入拒绝（429）,Elasticsearch 写入拒绝（429）,0.94,rule,gaia-memory-log,False
5:gaia-logservice2-2021-07-05_11`:04`:51-memory_anomalies,1:Elasticsearch 写入拒绝（429）,Elasticsearch 写入拒绝（429）,0.94,rule,gaia-memory-log,False
5:gaia-logservice2-2021-07-05_18`:55`:59-memory_anomalies,1:Elasticsearch 写入拒绝（429）,Elasticsearch 写入拒绝（429）,0.94,rule,gaia-memory-log,False
5:gaia-logservice2-2021-07-05_20`:56`:38-memory_anomalies,1:Elasticsearch 写入拒绝（429）,Elasticsearch 写入拒绝（429）,0.94,rule,gaia-memory-log,False
5:gaia-logservice2-2021-07-06_00`:17`:56-memory_anomalies,1:Elasticsearch 写入拒绝（429）,Elasticsearch 写入拒绝（429）,0.94,rule,gaia-memory-log,False
5:gaia-logservice2-2021-07-06_02`:14`:29-memory_anomalies,1:Elasticsearch 写入拒绝（429）,Elasticsearch 写入拒绝（429）,0.94,rule,gaia-memory-log,False
5:gaia-logservice2-2021-07-06_10`:38`:46-memory_anomalies,1:Elasticsearch 写入拒绝（429）,Elasticsearch 写入拒绝（429）,0.94,rule,gaia-memory-log,False
5:gaia-logservice2-2021-07-06_11`:51`:32-memory_anomalies,1:Elasticsearch 写入拒绝（429）,Elasticsearch 写入拒绝（429）,0.94,rule,gaia-memory-log,False
5:gaia-logservice2-2021-07-07_00`:24`:23-memory_anomalies,1:Elasticsearch 写入拒绝（429）,Elasticsearch 写入拒绝（429）,0.94,rule,gaia-memory-log,False
5:gaia-logservice2-2021-07-07_04`:00`:57-memory_anomalies,1:Elasticsearch 写入拒绝（429）,Elasticsearch 写入拒绝（429）,0.94,rule,gaia-memory-log,False
5:gaia-logservice2-2021-07-07_07`:48`:24-memory_anomalies,1:Elasticsearch 写入拒绝（429）,Elasticsearch 写入拒绝（429）,0.94,rule,gaia-memory-log,False
5:gaia-logservice2-2021-07-08_08`:15`:22-memory_anomalies,1:Elasticsearch 写入拒绝（429）,Elasticsearch 写入拒绝（429）,0.94,rule,gaia-memory-log,False
5:gaia-logservice2-2021-07-08_14`:58`:15-memory_anomalies,1:Elasticsearch 写入拒绝（429）,Elasticsearch 写入拒绝（429）,0.94,rule,gaia-memory-log,False
5:gaia-logservice2-2021-07-09_01`:35`:22-memory_anomalies,1:Elasticsearch 写入拒绝（429）,Elasticsearch 写入拒绝（429）,0.94,rule,gaia-memory-log,False
5:gaia-logservice2-2021-07-09_04`:17`:55-memory_anomalies,1:Elasticsearch 写入拒绝（429）,Elasticsearch 写入拒绝（429）,0.94,rule,gaia-memory-log,False
5:gaia-logservice2-2021-07-10_01`:23`:10-memory_anomalies,1:Elasticsearch 写入拒绝（429）,Elasticsearch 写入拒绝（429）,0.94,rule,gaia-memory-log,False
5:gaia-logservice2-2021-07-10_13`:38`:16-memory_anomalies,1:Elasticsearch 写入拒绝（429）,Elasticsearch 写入拒绝（429）,0.94,rule,gaia-memory-log,False
5:gaia-logservice2-2021-07-11_14`:32`:09-memory_anomalies,1:Elasticsearch 写入拒绝（429）,Elasticsearch 写入拒绝（429）,0.94,rule,gaia-memory-log,False
5:gaia-logservice2-2021-07-12_00`:39`:47-memory_anomalies,1:Elasticsearch 写入拒绝（429）,Elasticsearch 写入拒绝（429）,0.94,rule,gaia-memory-log,False
5:gaia-logservice2-2021-07-12_13`:54`:04-memory_anomalies,1:Elasticsearch 写入拒绝（429）,Elasticsearch 写入拒绝（429）,0.94,rule,gaia-memory-log,False
5:gaia-logservice2-2021-07-12_17`:09`:19-memory_anomalies,1:Elasticsearch 写入拒绝（429）,Elasticsearch 写入拒绝（429）,0.94,rule,gaia-memory-log,False
5:gaia-logservice2-2021-07-14_07`:40`:39-memory_anomalies,1:Elasticsearch 写入拒绝（429）,Elasticsearch 写入拒绝（429）,0.94,rule,gaia-memory-log,False
5:gaia-logservice2-2021-07-14_10`:23`:03-memory_anomalies,1:Elasticsearch 写入拒绝（429）,Elasticsearch 写入拒绝（429）,0.94,rule,gaia-memory-log,False
5:gaia-logservice2-2021-07-15_04`:58`:53-memory_anomalies,1:Elasticsearch 写入拒绝（429）,Elasticsearch 写入拒绝（429）,0.94,rule,gaia-memory-log,False
5:gaia-logservice2-2021-07-15_16`:32`:07-memory_anomalies,1:Elasticsearch 写入拒绝（429）,Elasticsearch 写入拒绝（429）,0.94,rule,gaia-memory-log,False
5:gaia-logservice2-2021-07-16_00`:24`:56-memory_anomalies,1:Elasticsearch 写入拒绝（429）,Elasticsearch 写入拒绝（429）,0.94,rule,gaia-memory-log,False
5:gaia-logservice2-2021-07-16_05`:19`:31-memory_anomalies,1:Elasticsearch 写入拒绝（429）,Elasticsearch 写入拒绝（429）,0.94,rule,gaia-memory-log,False
5:gaia-logservice2-2021-07-16_21`:10`:38-memory_anomalies,1:Elasticsearch 写入拒绝（429）,Elasticsearch 写入拒绝（429）,0.94,rule,gaia-memory-log,False
5:gaia-logservice2-2021-07-17_05`:13`:36-memory_anomalies,1:Elasticsearch 写入拒绝（429）,Elasticsearch 写入拒绝（429）,0.94,rule,gaia-memory-log,False
5:gaia-logservice2-2021-07-18_00`:37`:50-memory_anomalies,1:Elasticsearch 写入拒绝（429）,Elasticsearch 写入拒绝（429）,0.94,rule,gaia-memory-log,False
5:gaia-logservice2-2021-07-20_07`:13`:58-memory_anomalies,1:Elasticsearch 写入拒绝（429）,Elasticsearch 写入拒绝（429）,0.94,rule,gaia-memory-log,False
5:gaia-logservice2-2021-07-21_12`:47`:19-memory_anomalies,1:Elasticsearch 写入拒绝（429）,Elasticsearch 写入拒绝（429）,0.94,rule,gaia-memory-log,False
5:gaia-logservice2-2021-07-21_15`:13`:36-memory_anomalies,1:Elasticsearch 写入拒绝（429）,Elasticsearch 写入拒绝（429）,0.94,rule,gaia-memory-log,False
5:gaia-logservice2-2021-07-22_03`:02`:54-memory_anomalies,1:Elasticsearch 写入拒绝（429）,Elasticsearch 写入拒绝（429）,0.94,rule,gaia-memory-log,False
5:gaia-logservice2-2021-07-22_04`:00`:12-memory_anomalies,1:Elasticsearch 写入拒绝（429）,Elasticsearch 写入拒绝（429）,0.94,rule,gaia-memory-log,False
5:gaia-logservice2-2021-07-23_14`:57`:38-memory_anomalies,1:Elasticsearch 写入拒绝（429）,Elasticsearch 写入拒绝（429）,0.94,rule,gaia-memory-log,False
5:gaia-logservice2-2021-07-23_19`:41`:35-memory_anomalies,1:Elasticsearch 写入拒绝（429）,Elasticsearch 写入拒绝（429）,0.94,rule,gaia-memory-log,False
5:gaia-logservice2-2021-07-24_15`:30`:13-memory_anomalies,1:Elasticsearch 写入拒绝（429）,Elasticsearch 写入拒绝（429）,0.94,rule,gaia-memory-log,False
5:gaia-logservice2-2021-07-25_15`:32`:04-memory_anomalies,1:Elasticsearch 写入拒绝（429）,Elasticsearch 写入拒绝（429）,0.94,rule,gaia-memory-log,False
5:gaia-logservice2-2021-07-27_02`:37`:17-memory_anomalies,1:Elasticsearch 写入拒绝（429）,Elasticsearch 写入拒绝（429）,0.94,rule,gaia-memory-log,False
5:gaia-logservice2-2021-07-27_05`:55`:42-memory_anomalies,1:Elasticsearch 写入拒绝（429）,Elasticsearch 写入拒绝（429）,0.94,rule,gaia-memory-log,False
5:gaia-logservice2-2021-07-27_14`:39`:16-memory_anomalies,1:Elasticsearch 写入拒绝（429）,Elasticsearch 写入拒绝（429）,0.94,rule,gaia-memory-log,False
5:gaia-logservice2-2021-07-27_18`:31`:43-memory_anomalies,1:Elasticsearch 写入拒绝（429）,Elasticsearch 写入拒绝（429）,0.94,rule,gaia-memory-log,False
5:gaia-logservice2-2021-07-28_03`:45`:36-memory_anomalies,1:Elasticsearch 写入拒绝（429）,Elasticsearch 写入拒绝（429）,0.94,rule,gaia-memory-log,False
5:gaia-logservice2-2021-07-28_09`:32`:19-memory_anomalies,1:Elasticsearch 写入拒绝（429）,Elasticsearch 写入拒绝（429）,0.94,rule,gaia-memory-log,False
5:gaia-logservice2-2021-07-28_22`:05`:37-memory_anomalies,1:Elasticsearch 写入拒绝（429）,Elasticsearch 写入拒绝（429）,0.94,rule,gaia-memory-log,False
5:gaia-logservice2-2021-07-28_23`:55`:10-memory_anomalies,1:Elasticsearch 写入拒绝（429）,Elasticsearch 写入拒绝（429）,0.94,rule,gaia-memory-log,False
5:gaia-logservice2-2021-07-29_14`:02`:36-memory_anomalies,1:Elasticsearch 写入拒绝（429）,Elasticsearch 写入拒绝（429）,0.94,rule,gaia-memory-log,False
5:gaia-logservice2-2021-07-29_20`:22`:17-memory_anomalies,1:Elasticsearch 写入拒绝（429）,Elasticsearch 写入拒绝（429）,0.94,rule,gaia-memory-log,False
5:gaia-logservice2-2021-07-30_00`:52`:50-memory_anomalies,1:Elasticsearch 写入拒绝（429）,Elasticsearch 写入拒绝（429）,0.94,rule,gaia-memory-log,False
5:gaia-logservice2-2021-07-30_12`:43`:01-memory_anomalies,1:Elasticsearch 写入拒绝（429）,Elasticsearch 写入拒绝（429）,0.94,rule,gaia-memory-log,False
5:gaia-logservice2-2021-07-30_23`:48`:10-memory_anomalies,1:Elasticsearch 写入拒绝（429）,Elasticsearch 写入拒绝（429）,0.94,rule,gaia-memory-log,False
5:gaia-logservice2-2021-07-31_13`:17`:00-memory_anomalies,1:Elasticsearch 写入拒绝（429）,Elasticsearch 写入拒绝（429）,0.94,rule,gaia-memory-log,False
5:gaia-logservice2-2021-07-31_22`:12`:34-memory_anomalies,1:Elasticsearch 写入拒绝（429）,Elasticsearch 写入拒绝（429）,0.94,rule,gaia-memory-log,False
5:gaia-mobservice1-2021-07-02_03`:37`:47-memory_anomalies,1:API Key 泄露到公共代码仓库（K8s 场景）,API Key 泄露到公共代码仓库（K8s 场景）,0.95,rule,gaia-memory-mob,False
5:gaia-mobservice1-2021-07-02_11`:14`:04-memory_anomalies,1:API Key 泄露到公共代码仓库（K8s 场景）,API Key 泄露到公共代码仓库（K8s 场景）,0.95,rule,gaia-memory-mob,False
5:gaia-mobservice1-2021-07-02_13`:29`:00-memory_anomalies,1:API Key 泄露到公共代码仓库（K8s 场景）,API Key 泄露到公共代码仓库（K8s 场景）,0.95,rule,gaia-memory-mob,False
5:gaia-mobservice1-2021-07-02_17`:39`:36-memory_anomalies,1:API Key 泄露到公共代码仓库（K8s 场景）,API Key 泄露到公共代码仓库（K8s 场景）,0.95,rule,gaia-memory-mob,False
5:gaia-mobservice1-2021-07-03_23`:09`:13-memory_anomalies,1:API Key 泄露到公共代码仓库（K8s 场景）,API Key 泄露到公共代码仓库（K8s 场景）,0.95,rule,gaia-memory-mob,False
5:gaia-mobservice1-2021-07-04_06`:21`:37-memory_anomalies,1:API Key 泄露到公共代码仓库（K8s 场景）,API Key 泄露到公共代码仓库（K8s 场景）,0.95,rule,gaia-memory-mob,False
5:gaia-mobservice1-2021-07-07_14`:22`:22-memory_anomalies,1:API Key 泄露到公共代码仓库（K8s 场景）,API Key 泄露到公共代码仓库（K8s 场景）,0.95,rule,gaia-memory-mob,False
5:gaia-mobservice1-2021-07-08_00`:11`:39-memory_anomalies,1:API Key 泄露到公共代码仓库（K8s 场景）,API Key 泄露到公共代码仓库（K8s 场景）,0.95,rule,gaia-memory-mob,False
5:gaia-mobservice1-2021-07-08_09`:04`:05-memory_anomalies,1:API Key 泄露到公共代码仓库（K8s 场景）,API Key 泄露到公共代码仓库（K8s 场景）,0.95,rule,gaia-memory-mob,False
5:gaia-mobservice1-2021-07-09_04`:16`:50-memory_anomalies,1:API Key 泄露到公共代码仓库（K8s 场景）,API Key 泄露到公共代码仓库（K8s 场景）,0.95,rule,gaia-memory-mob,False
5:gaia-mobservice1-2021-07-09_10`:44`:54-memory_anomalies,1:API Key 泄露到公共代码仓库（K8s 场景）,API Key 泄露到公共代码仓库（K8s 场景）,0.95,rule,gaia-memory-mob,False
5:gaia-mobservice1-2021-07-09_12`:11`:56-memory_anomalies,1:API Key 泄露到公共代码仓库（K8s 场景）,API Key 泄露到公共代码仓库（K8s 场景）,0.95,rule,gaia-memory-mob,False
5:gaia-mobservice1-2021-07-10_07`:14`:52-memory_anomalies,1:API Key 泄露到公共代码仓库（K8s 场景）,API Key 泄露到公共代码仓库（K8s 场景）,0.95,rule,gaia-memory-mob,False
5:gaia-mobservice1-2021-07-10_18`:29`:32-memory_anomalies,1:API Key 泄露到公共代码仓库（K8s 场景）,API Key 泄露到公共代码仓库（K8s 场景）,0.95,rule,gaia-memory-mob,False
5:gaia-mobservice1-2021-07-11_00`:00`:31-memory_anomalies,1:API Key 泄露到公共代码仓库（K8s 场景）,API Key 泄露到公共代码仓库（K8s 场景）,0.95,rule,gaia-memory-mob,False
5:gaia-mobservice1-2021-07-11_04`:31`:48-memory_anomalies,1:API Key 泄露到公共代码仓库（K8s 场景）,API Key 泄露到公共代码仓库（K8s 场景）,0.95,rule,gaia-memory-mob,False
5:gaia-mobservice1-2021-07-11_13`:58`:21-memory_anomalies,1:API Key 泄露到公共代码仓库（K8s 场景）,API Key 泄露到公共代码仓库（K8s 场景）,0.95,rule,gaia-memory-mob,False
5:gaia-mobservice1-2021-07-11_17`:06`:33-memory_anomalies,1:API Key 泄露到公共代码仓库（K8s 场景）,API Key 泄露到公共代码仓库（K8s 场景）,0.95,rule,gaia-memory-mob,False
5:gaia-mobservice1-2021-07-11_18`:16`:40-memory_anomalies,1:API Key 泄露到公共代码仓库（K8s 场景）,API Key 泄露到公共代码仓库（K8s 场景）,0.95,rule,gaia-memory-mob,False
5:gaia-mobservice1-2021-07-12_01`:50`:50-memory_anomalies,1:API Key 泄露到公共代码仓库（K8s 场景）,API Key 泄露到公共代码仓库（K8s 场景）,0.95,rule,gaia-memory-mob,False
5:gaia-mobservice1-2021-07-12_19`:13`:22-memory_anomalies,1:API Key 泄露到公共代码仓库（K8s 场景）,API Key 泄露到公共代码仓库（K8s 场景）,0.95,rule,gaia-memory-mob,False
5:gaia-mobservice1-2021-07-12_22`:29`:44-memory_anomalies,1:API Key 泄露到公共代码仓库（K8s 场景）,API Key 泄露到公共代码仓库（K8s 场景）,0.95,rule,gaia-memory-mob,False
5:gaia-mobservice1-2021-07-13_06`:51`:50-memory_anomalies,1:API Key 泄露到公共代码仓库（K8s 场景）,API Key 泄露到公共代码仓库（K8s 场景）,0.95,rule,gaia-memory-mob,False
5:gaia-mobservice1-2021-07-13_09`:30`:32-memory_anomalies,1:API Key 泄露到公共代码仓库（K8s 场景）,API Key 泄露到公共代码仓库（K8s 场景）,0.95,rule,gaia-memory-mob,False
5:gaia-mobservice1-2021-07-14_06`:05`:18-memory_anomalies,1:API Key 泄露到公共代码仓库（K8s 场景）,API Key 泄露到公共代码仓库（K8s 场景）,0.95,rule,gaia-memory-mob,False
5:gaia-mobservice1-2021-07-14_17`:11`:21-memory_anomalies,1:API Key 泄露到公共代码仓库（K8s 场景）,API Key 泄露到公共代码仓库（K8s 场景）,0.95,rule,gaia-memory-mob,False
5:gaia-mobservice1-2021-07-14_21`:44`:30-memory_anomalies,1:API Key 泄露到公共代码仓库（K8s 场景）,API Key 泄露到公共代码仓库（K8s 场景）,0.95,rule,gaia-memory-mob,False
5:gaia-mobservice1-2021-07-15_04`:09`:16-memory_anomalies,1:API Key 泄露到公共代码仓库（K8s 场景）,API Key 泄露到公共代码仓库（K8s 场景）,0.95,rule,gaia-memory-mob,False
5:gaia-mobservice1-2021-07-15_05`:16`:08-memory_anomalies,1:API Key 泄露到公共代码仓库（K8s 场景）,API Key 泄露到公共代码仓库（K8s 场景）,0.95,rule,gaia-memory-mob,False
5:gaia-mobservice1-2021-07-15_11`:44`:13-memory_anomalies,1:API Key 泄露到公共代码仓库（K8s 场景）,API Key 泄露到公共代码仓库（K8s 场景）,0.95,rule,gaia-memory-mob,False
5:gaia-mobservice1-2021-07-16_14`:01`:45-memory_anomalies,1:API Key 泄露到公共代码仓库（K8s 场景）,API Key 泄露到公共代码仓库（K8s 场景）,0.95,rule,gaia-memory-mob,False
5:gaia-mobservice1-2021-07-16_15`:23`:17-memory_anomalies,1:API Key 泄露到公共代码仓库（K8s 场景）,API Key 泄露到公共代码仓库（K8s 场景）,0.95,rule,gaia-memory-mob,False
5:gaia-mobservice1-2021-07-17_02`:27`:42-memory_anomalies,1:API Key 泄露到公共代码仓库（K8s 场景）,API Key 泄露到公共代码仓库（K8s 场景）,0.95,rule,gaia-memory-mob,False
5:gaia-mobservice1-2021-07-17_15`:10`:07-memory_anomalies,1:API Key 泄露到公共代码仓库（K8s 场景）,API Key 泄露到公共代码仓库（K8s 场景）,0.95,rule,gaia-memory-mob,False
5:gaia-mobservice1-2021-07-17_16`:14`:05-memory_anomalies,1:API Key 泄露到公共代码仓库（K8s 场景）,API Key 泄露到公共代码仓库（K8s 场景）,0.95,rule,gaia-memory-mob,False
5:gaia-mobservice1-2021-07-17_21`:02`:32-memory_anomalies,1:API Key 泄露到公共代码仓库（K8s 场景）,API Key 泄露到公共代码仓库（K8s 场景）,0.95,rule,gaia-memory-mob,False
5:gaia-mobservice1-2021-07-18_11`:30`:27-memory_anomalies,1:API Key 泄露到公共代码仓库（K8s 场景）,API Key 泄露到公共代码仓库（K8s 场景）,0.95,rule,gaia-memory-mob,False
5:gaia-mobservice1-2021-07-18_19`:16`:50-memory_anomalies,1:API Key 泄露到公共代码仓库（K8s 场景）,API Key 泄露到公共代码仓库（K8s 场景）,0.95,rule,gaia-memory-mob,False
5:gaia-mobservice1-2021-07-18_20`:37`:34-memory_anomalies,1:API Key 泄露到公共代码仓库（K8s 场景）,API Key 泄露到公共代码仓库（K8s 场景）,0.95,rule,gaia-memory-mob,False
5:gaia-mobservice1-2021-07-20_09`:23`:38-memory_anomalies,1:API Key 泄露到公共代码仓库（K8s 场景）,API Key 泄露到公共代码仓库（K8s 场景）,0.95,rule,gaia-memory-mob,False
5:gaia-mobservice1-2021-07-21_06`:49`:55-memory_anomalies,1:API Key 泄露到公共代码仓库（K8s 场景）,API Key 泄露到公共代码仓库（K8s 场景）,0.95,rule,gaia-memory-mob,False
5:gaia-mobservice1-2021-07-21_14`:25`:06-memory_anomalies,1:API Key 泄露到公共代码仓库（K8s 场景）,API Key 泄露到公共代码仓库（K8s 场景）,0.95,rule,gaia-memory-mob,False
5:gaia-mobservice1-2021-07-21_19`:51`:09-memory_anomalies,1:API Key 泄露到公共代码仓库（K8s 场景）,API Key 泄露到公共代码仓库（K8s 场景）,0.95,rule,gaia-memory-mob,False
5:gaia-mobservice1-2021-07-22_00`:30`:33-memory_anomalies,1:API Key 泄露到公共代码仓库（K8s 场景）,API Key 泄露到公共代码仓库（K8s 场景）,0.95,rule,gaia-memory-mob,False
5:gaia-mobservice1-2021-07-22_06`:05`:57-memory_anomalies,1:API Key 泄露到公共代码仓库（K8s 场景）,API Key 泄露到公共代码仓库（K8s 场景）,0.95,rule,gaia-memory-mob,False
5:gaia-mobservice1-2021-07-22_07`:11`:34-memory_anomalies,1:API Key 泄露到公共代码仓库（K8s 场景）,API Key 泄露到公共代码仓库（K8s 场景）,0.95,rule,gaia-memory-mob,False
5:gaia-mobservice1-2021-07-22_11`:41`:24-memory_anomalies,1:API Key 泄露到公共代码仓库（K8s 场景）,API Key 泄露到公共代码仓库（K8s 场景）,0.95,rule,gaia-memory-mob,False
5:gaia-mobservice1-2021-07-22_13`:00`:38-memory_anomalies,1:API Key 泄露到公共代码仓库（K8s 场景）,API Key 泄露到公共代码仓库（K8s 场景）,0.95,rule,gaia-memory-mob,False
5:gaia-mobservice1-2021-07-24_21`:44`:36-memory_anomalies,1:API Key 泄露到公共代码仓库（K8s 场景）,API Key 泄露到公共代码仓库（K8s 场景）,0.95,rule,gaia-memory-mob,False
5:gaia-mobservice1-2021-07-25_08`:11`:37-memory_anomalies,1:API Key 泄露到公共代码仓库（K8s 场景）,API Key 泄露到公共代码仓库（K8s 场景）,0.95,rule,gaia-memory-mob,False
5:gaia-mobservice1-2021-07-25_13`:26`:04-memory_anomalies,1:API Key 泄露到公共代码仓库（K8s 场景）,API Key 泄露到公共代码仓库（K8s 场景）,0.95,rule,gaia-memory-mob,False
5:gaia-mobservice1-2021-07-25_21`:06`:10-memory_anomalies,1:API Key 泄露到公共代码仓库（K8s 场景）,API Key 泄露到公共代码仓库（K8s 场景）,0.95,rule,gaia-memory-mob,False
5:gaia-mobservice1-2021-07-26_06`:09`:41-memory_anomalies,1:API Key 泄露到公共代码仓库（K8s 场景）,API Key 泄露到公共代码仓库（K8s 场景）,0.95,rule,gaia-memory-mob,False
5:gaia-mobservice1-2021-07-26_07`:07`:39-memory_anomalies,1:API Key 泄露到公共代码仓库（K8s 场景）,API Key 泄露到公共代码仓库（K8s 场景）,0.95,rule,gaia-memory-mob,False
5:gaia-mobservice1-2021-07-27_00`:56`:22-memory_anomalies,1:API Key 泄露到公共代码仓库（K8s 场景）,API Key 泄露到公共代码仓库（K8s 场景）,0.95,rule,gaia-memory-mob,False
5:gaia-mobservice1-2021-07-27_10`:42`:01-memory_anomalies,1:API Key 泄露到公共代码仓库（K8s 场景）,API Key 泄露到公共代码仓库（K8s 场景）,0.95,rule,gaia-memory-mob,False
5:gaia-mobservice1-2021-07-27_12`:00`:14-memory_anomalies,1:API Key 泄露到公共代码仓库（K8s 场景）,API Key 泄露到公共代码仓库（K8s 场景）,0.95,rule,gaia-memory-mob,False
5:gaia-mobservice1-2021-07-28_04`:43`:29-memory_anomalies,1:API Key 泄露到公共代码仓库（K8s 场景）,API Key 泄露到公共代码仓库（K8s 场景）,0.95,rule,gaia-memory-mob,False
5:gaia-mobservice1-2021-07-28_15`:02`:34-memory_anomalies,1:API Key 泄露到公共代码仓库（K8s 场景）,API Key 泄露到公共代码仓库（K8s 场景）,0.95,rule,gaia-memory-mob,False
5:gaia-mobservice1-2021-07-28_23`:20`:24-memory_anomalies,1:API Key 泄露到公共代码仓库（K8s 场景）,API Key 泄露到公共代码仓库（K8s 场景）,0.95,rule,gaia-memory-mob,False
5:gaia-mobservice1-2021-07-29_17`:36`:46-memory_anomalies,1:API Key 泄露到公共代码仓库（K8s 场景）,API Key 泄露到公共代码仓库（K8s 场景）,0.95,rule,gaia-memory-mob,False
5:gaia-mobservice1-2021-07-30_02`:42`:46-memory_anomalies,1:API Key 泄露到公共代码仓库（K8s 场景）,API Key 泄露到公共代码仓库（K8s 场景）,0.95,rule,gaia-memory-mob,False
5:gaia-mobservice1-2021-07-30_11`:46`:53-memory_anomalies,1:API Key 泄露到公共代码仓库（K8s 场景）,API Key 泄露到公共代码仓库（K8s 场景）,0.95,rule,gaia-memory-mob,False
5:gaia-mobservice1-2021-07-30_16`:18`:21-memory_anomalies,1:API Key 泄露到公共代码仓库（K8s 场景）,API Key 泄露到公共代码仓库（K8s 场景）,0.95,rule,gaia-memory-mob,False
5:gaia-mobservice1-2021-07-31_03`:22`:54-memory_anomalies,1:API Key 泄露到公共代码仓库（K8s 场景）,API Key 泄露到公共代码仓库（K8s 场景）,0.95,rule,gaia-memory-mob,False
5:gaia-mobservice1-2021-07-31_11`:45`:23-memory_anomalies,1:API Key 泄露到公共代码仓库（K8s 场景）,API Key 泄露到公共代码仓库（K8s 场景）,0.95,rule,gaia-memory-mob,False
5:gaia-mobservice2-2021-07-01_16`:45`:18-memory_anomalies,1:API Key 泄露到公共代码仓库（K8s 场景）,API Key 泄露到公共代码仓库（K8s 场景）,0.95,rule,gaia-memory-mob,False
5:gaia-mobservice2-2021-07-01_19`:43`:18-memory_anomalies,1:API Key 泄露到公共代码仓库（K8s 场景）,API Key 泄露到公共代码仓库（K8s 场景）,0.95,rule,gaia-memory-mob,False
5:gaia-mobservice2-2021-07-02_04`:27`:24-memory_anomalies,1:API Key 泄露到公共代码仓库（K8s 场景）,API Key 泄露到公共代码仓库（K8s 场景）,0.95,rule,gaia-memory-mob,False
5:gaia-mobservice2-2021-07-02_05`:51`:32-memory_anomalies,1:API Key 泄露到公共代码仓库（K8s 场景）,API Key 泄露到公共代码仓库（K8s 场景）,0.95,rule,gaia-memory-mob,False
5:gaia-mobservice2-2021-07-02_14`:23`:41-memory_anomalies,1:API Key 泄露到公共代码仓库（K8s 场景）,API Key 泄露到公共代码仓库（K8s 场景）,0.95,rule,gaia-memory-mob,False
5:gaia-mobservice2-2021-07-02_15`:34`:00-memory_anomalies,1:API Key 泄露到公共代码仓库（K8s 场景）,API Key 泄露到公共代码仓库（K8s 场景）,0.95,rule,gaia-memory-mob,False
5:gaia-mobservice2-2021-07-03_09`:51`:16-memory_anomalies,1:API Key 泄露到公共代码仓库（K8s 场景）,API Key 泄露到公共代码仓库（K8s 场景）,0.95,rule,gaia-memory-mob,False
5:gaia-mobservice2-2021-07-04_00`:48`:32-memory_anomalies,1:API Key 泄露到公共代码仓库（K8s 场景）,API Key 泄露到公共代码仓库（K8s 场景）,0.95,rule,gaia-memory-mob,False
5:gaia-mobservice2-2021-07-05_23`:26`:47-memory_anomalies,1:API Key 泄露到公共代码仓库（K8s 场景）,API Key 泄露到公共代码仓库（K8s 场景）,0.95,rule,gaia-memory-mob,False
5:gaia-mobservice2-2021-07-06_06`:28`:08-memory_anomalies,1:API Key 泄露到公共代码仓库（K8s 场景）,API Key 泄露到公共代码仓库（K8s 场景）,0.95,rule,gaia-memory-mob,False
5:gaia-mobservice2-2021-07-06_15`:19`:48-memory_anomalies,1:API Key 泄露到公共代码仓库（K8s 场景）,API Key 泄露到公共代码仓库（K8s 场景）,0.95,rule,gaia-memory-mob,False
5:gaia-mobservice2-2021-07-07_16`:53`:31-memory_anomalies,1:API Key 泄露到公共代码仓库（K8s 场景）,API Key 泄露到公共代码仓库（K8s 场景）,0.95,rule,gaia-memory-mob,False
5:gaia-mobservice2-2021-07-07_17`:59`:58-memory_anomalies,1:API Key 泄露到公共代码仓库（K8s 场景）,API Key 泄露到公共代码仓库（K8s 场景）,0.95,rule,gaia-memory-mob,False
5:gaia-mobservice2-2021-07-07_21`:22`:51-memory_anomalies,1:API Key 泄露到公共代码仓库（K8s 场景）,API Key 泄露到公共代码仓库（K8s 场景）,0.95,rule,gaia-memory-mob,False
5:gaia-mobservice2-2021-07-07_22`:40`:06-memory_anomalies,1:API Key 泄露到公共代码仓库（K8s 场景）,API Key 泄露到公共代码仓库（K8s 场景）,0.95,rule,gaia-memory-mob,False
5:gaia-mobservice2-2021-07-08_10`:01`:50-memory_anomalies,1:API Key 泄露到公共代码仓库（K8s 场景）,API Key 泄露到公共代码仓库（K8s 场景）,0.95,rule,gaia-memory-mob,False
5:gaia-mobservice2-2021-07-08_11`:01`:39-memory_anomalies,1:API Key 泄露到公共代码仓库（K8s 场景）,API Key 泄露到公共代码仓库（K8s 场景）,0.95,rule,gaia-memory-mob,False
5:gaia-mobservice2-2021-07-08_19`:13`:33-memory_anomalies,1:API Key 泄露到公共代码仓库（K8s 场景）,API Key 泄露到公共代码仓库（K8s 场景）,0.95,rule,gaia-memory-mob,False
5:gaia-mobservice2-2021-07-09_11`:58`:42-memory_anomalies,1:API Key 泄露到公共代码仓库（K8s 场景）,API Key 泄露到公共代码仓库（K8s 场景）,0.95,rule,gaia-memory-mob,False
5:gaia-mobservice2-2021-07-10_06`:23`:19-memory_anomalies,1:API Key 泄露到公共代码仓库（K8s 场景）,API Key 泄露到公共代码仓库（K8s 场景）,0.95,rule,gaia-memory-mob,False
5:gaia-mobservice2-2021-07-11_07`:10`:43-memory_anomalies,1:API Key 泄露到公共代码仓库（K8s 场景）,API Key 泄露到公共代码仓库（K8s 场景）,0.95,rule,gaia-memory-mob,False
5:gaia-mobservice2-2021-07-11_13`:24`:44-memory_anomalies,1:API Key 泄露到公共代码仓库（K8s 场景）,API Key 泄露到公共代码仓库（K8s 场景）,0.95,rule,gaia-memory-mob,False
5:gaia-mobservice2-2021-07-11_19`:04`:35-memory_anomalies,1:API Key 泄露到公共代码仓库（K8s 场景）,API Key 泄露到公共代码仓库（K8s 场景）,0.95,rule,gaia-memory-mob,False
5:gaia-mobservice2-2021-07-12_03`:52`:19-memory_anomalies,1:API Key 泄露到公共代码仓库（K8s 场景）,API Key 泄露到公共代码仓库（K8s 场景）,0.95,rule,gaia-memory-mob,False
5:gaia-mobservice2-2021-07-12_22`:19`:26-memory_anomalies,1:API Key 泄露到公共代码仓库（K8s 场景）,API Key 泄露到公共代码仓库（K8s 场景）,0.95,rule,gaia-memory-mob,False
5:gaia-mobservice2-2021-07-12_23`:20`:20-memory_anomalies,1:API Key 泄露到公共代码仓库（K8s 场景）,API Key 泄露到公共代码仓库（K8s 场景）,0.95,rule,gaia-memory-mob,False
5:gaia-mobservice2-2021-07-13_06`:29`:25-memory_anomalies,1:API Key 泄露到公共代码仓库（K8s 场景）,API Key 泄露到公共代码仓库（K8s 场景）,0.95,rule,gaia-memory-mob,False
5:gaia-mobservice2-2021-07-13_17`:48`:29-memory_anomalies,1:API Key 泄露到公共代码仓库（K8s 场景）,API Key 泄露到公共代码仓库（K8s 场景）,0.95,rule,gaia-memory-mob,False
5:gaia-mobservice2-2021-07-13_18`:42`:07-memory_anomalies,1:API Key 泄露到公共代码仓库（K8s 场景）,API Key 泄露到公共代码仓库（K8s 场景）,0.95,rule,gaia-memory-mob,False
5:gaia-mobservice2-2021-07-14_05`:28`:09-memory_anomalies,1:API Key 泄露到公共代码仓库（K8s 场景）,API Key 泄露到公共代码仓库（K8s 场景）,0.95,rule,gaia-memory-mob,False
5:gaia-mobservice2-2021-07-14_18`:11`:39-memory_anomalies,1:API Key 泄露到公共代码仓库（K8s 场景）,API Key 泄露到公共代码仓库（K8s 场景）,0.95,rule,gaia-memory-mob,False
5:gaia-mobservice2-2021-07-14_20`:34`:45-memory_anomalies,1:API Key 泄露到公共代码仓库（K8s 场景）,API Key 泄露到公共代码仓库（K8s 场景）,0.95,rule,gaia-memory-mob,False
5:gaia-mobservice2-2021-07-15_04`:27`:56-memory_anomalies,1:API Key 泄露到公共代码仓库（K8s 场景）,API Key 泄露到公共代码仓库（K8s 场景）,0.95,rule,gaia-memory-mob,False
5:gaia-mobservice2-2021-07-16_04`:51`:07-memory_anomalies,1:API Key 泄露到公共代码仓库（K8s 场景）,API Key 泄露到公共代码仓库（K8s 场景）,0.95,rule,gaia-memory-mob,False
5:gaia-mobservice2-2021-07-16_09`:52`:28-memory_anomalies,1:API Key 泄露到公共代码仓库（K8s 场景）,API Key 泄露到公共代码仓库（K8s 场景）,0.95,rule,gaia-memory-mob,False
5:gaia-mobservice2-2021-07-16_12`:40`:31-memory_anomalies,1:API Key 泄露到公共代码仓库（K8s 场景）,API Key 泄露到公共代码仓库（K8s 场景）,0.95,rule,gaia-memory-mob,False
5:gaia-mobservice2-2021-07-16_18`:05`:52-memory_anomalies,1:API Key 泄露到公共代码仓库（K8s 场景）,API Key 泄露到公共代码仓库（K8s 场景）,0.95,rule,gaia-memory-mob,False
5:gaia-mobservice2-2021-07-16_22`:35`:51-memory_anomalies,1:API Key 泄露到公共代码仓库（K8s 场景）,API Key 泄露到公共代码仓库（K8s 场景）,0.95,rule,gaia-memory-mob,False
5:gaia-mobservice2-2021-07-17_11`:10`:26-memory_anomalies,1:API Key 泄露到公共代码仓库（K8s 场景）,API Key 泄露到公共代码仓库（K8s 场景）,0.95,rule,gaia-memory-mob,False
5:gaia-mobservice2-2021-07-17_16`:08`:21-memory_anomalies,1:API Key 泄露到公共代码仓库（K8s 场景）,API Key 泄露到公共代码仓库（K8s 场景）,0.95,rule,gaia-memory-mob,False
5:gaia-mobservice2-2021-07-18_11`:17`:27-memory_anomalies,1:API Key 泄露到公共代码仓库（K8s 场景）,API Key 泄露到公共代码仓库（K8s 场景）,0.95,rule,gaia-memory-mob,False
5:gaia-mobservice2-2021-07-20_05`:04`:52-memory_anomalies,1:API Key 泄露到公共代码仓库（K8s 场景）,API Key 泄露到公共代码仓库（K8s 场景）,0.95,rule,gaia-memory-mob,False
5:gaia-mobservice2-2021-07-20_12`:49`:19-memory_anomalies,1:API Key 泄露到公共代码仓库（K8s 场景）,API Key 泄露到公共代码仓库（K8s 场景）,0.95,rule,gaia-memory-mob,False
5:gaia-mobservice2-2021-07-21_17`:59`:06-memory_anomalies,1:API Key 泄露到公共代码仓库（K8s 场景）,API Key 泄露到公共代码仓库（K8s 场景）,0.95,rule,gaia-memory-mob,False
5:gaia-mobservice2-2021-07-22_06`:39`:51-memory_anomalies,1:API Key 泄露到公共代码仓库（K8s 场景）,API Key 泄露到公共代码仓库（K8s 场景）,0.95,rule,gaia-memory-mob,False
5:gaia-mobservice2-2021-07-22_12`:49`:10-memory_anomalies,1:API Key 泄露到公共代码仓库（K8s 场景）,API Key 泄露到公共代码仓库（K8s 场景）,0.95,rule,gaia-memory-mob,False
5:gaia-mobservice2-2021-07-22_13`:39`:57-memory_anomalies,1:API Key 泄露到公共代码仓库（K8s 场景）,API Key 泄露到公共代码仓库（K8s 场景）,0.95,rule,gaia-memory-mob,False
5:gaia-mobservice2-2021-07-22_20`:31`:17-memory_anomalies,1:API Key 泄露到公共代码仓库（K8s 场景）,API Key 泄露到公共代码仓库（K8s 场景）,0.95,rule,gaia-memory-mob,False
5:gaia-mobservice2-2021-07-23_10`:51`:36-memory_anomalies,1:API Key 泄露到公共代码仓库（K8s 场景）,API Key 泄露到公共代码仓库（K8s 场景）,0.95,rule,gaia-memory-mob,False
5:gaia-mobservice2-2021-07-23_12`:43`:47-memory_anomalies,1:API Key 泄露到公共代码仓库（K8s 场景）,API Key 泄露到公共代码仓库（K8s 场景）,0.95,rule,gaia-memory-mob,False
5:gaia-mobservice2-2021-07-23_18`:37`:24-memory_anomalies,1:API Key 泄露到公共代码仓库（K8s 场景）,API Key 泄露到公共代码仓库（K8s 场景）,0.95,rule,gaia-memory-mob,False
5:gaia-mobservice2-2021-07-24_09`:35`:33-memory_anomalies,1:API Key 泄露到公共代码仓库（K8s 场景）,API Key 泄露到公共代码仓库（K8s 场景）,0.95,rule,gaia-memory-mob,False
5:gaia-mobservice2-2021-07-25_09`:07`:40-memory_anomalies,1:API Key 泄露到公共代码仓库（K8s 场景）,API Key 泄露到公共代码仓库（K8s 场景）,0.95,rule,gaia-memory-mob,False
5:gaia-mobservice2-2021-07-25_16`:23`:45-memory_anomalies,1:API Key 泄露到公共代码仓库（K8s 场景）,API Key 泄露到公共代码仓库（K8s 场景）,0.95,rule,gaia-memory-mob,False
5:gaia-mobservice2-2021-07-25_23`:46`:48-memory_anomalies,1:API Key 泄露到公共代码仓库（K8s 场景）,API Key 泄露到公共代码仓库（K8s 场景）,0.95,rule,gaia-memory-mob,False
5:gaia-mobservice2-2021-07-26_00`:45`:59-memory_anomalies,1:API Key 泄露到公共代码仓库（K8s 场景）,API Key 泄露到公共代码仓库（K8s 场景）,0.95,rule,gaia-memory-mob,False
5:gaia-mobservice2-2021-07-26_10`:47`:48-memory_anomalies,1:API Key 泄露到公共代码仓库（K8s 场景）,API Key 泄露到公共代码仓库（K8s 场景）,0.95,rule,gaia-memory-mob,False
5:gaia-mobservice2-2021-07-27_03`:50`:43-memory_anomalies,1:API Key 泄露到公共代码仓库（K8s 场景）,API Key 泄露到公共代码仓库（K8s 场景）,0.95,rule,gaia-memory-mob,False
5:gaia-mobservice2-2021-07-27_05`:54`:37-memory_anomalies,1:API Key 泄露到公共代码仓库（K8s 场景）,API Key 泄露到公共代码仓库（K8s 场景）,0.95,rule,gaia-memory-mob,False
5:gaia-mobservice2-2021-07-27_08`:23`:32-memory_anomalies,1:API Key 泄露到公共代码仓库（K8s 场景）,API Key 泄露到公共代码仓库（K8s 场景）,0.95,rule,gaia-memory-mob,False
5:gaia-mobservice2-2021-07-28_01`:34`:07-memory_anomalies,1:API Key 泄露到公共代码仓库（K8s 场景）,API Key 泄露到公共代码仓库（K8s 场景）,0.95,rule,gaia-memory-mob,False
5:gaia-mobservice2-2021-07-28_06`:40`:20-cpu_anomalies,1:API Key 泄露到公共代码仓库（K8s 场景）,API Key 泄露到公共代码仓库（K8s 场景）,0.94,rule,gaia-cpu-mob,False
5:gaia-mobservice2-2021-07-28_11`:32`:34-memory_anomalies,1:API Key 泄露到公共代码仓库（K8s 场景）,API Key 泄露到公共代码仓库（K8s 场景）,0.95,rule,gaia-memory-mob,False
5:gaia-mobservice2-2021-07-28_18`:39`:56-cpu_anomalies,1:API Key 泄露到公共代码仓库（K8s 场景）,API Key 泄露到公共代码仓库（K8s 场景）,0.94,rule,gaia-cpu-mob,False
5:gaia-mobservice2-2021-07-28_23`:19`:22-memory_anomalies,1:API Key 泄露到公共代码仓库（K8s 场景）,API Key 泄露到公共代码仓库（K8s 场景）,0.95,rule,gaia-memory-mob,False
5:gaia-mobservice2-2021-07-29_07`:12`:16-cpu_anomalies,1:API Key 泄露到公共代码仓库（K8s 场景）,API Key 泄露到公共代码仓库（K8s 场景）,0.94,rule,gaia-cpu-mob,False
5:gaia-mobservice2-2021-07-29_10`:24`:59-memory_anomalies,1:API Key 泄露到公共代码仓库（K8s 场景）,API Key 泄露到公共代码仓库（K8s 场景）,0.95,rule,gaia-memory-mob,False
5:gaia-mobservice2-2021-07-31_06`:39`:30-memory_anomalies,1:API Key 泄露到公共代码仓库（K8s 场景）,API Key 泄露到公共代码仓库（K8s 场景）,0.95,rule,gaia-memory-mob,False
5:gaia-mobservice2-2021-07-31_11`:37`:16-memory_anomalies,1:API Key 泄露到公共代码仓库（K8s 场景）,API Key 泄露到公共代码仓库（K8s 场景）,0.95,rule,gaia-memory-mob,False
5:gaia-mobservice2-2021-07-31_20`:00`:44-cpu_anomalies,1:API Key 泄露到公共代码仓库（K8s 场景）,API Key 泄露到公共代码仓库（K8s 场景）,0.94,rule,gaia-cpu-mob,False
5:gaia-redisservice1-2021-07-01_13`:18`:43-memory_anomalies,1:Redis Cluster 节点下线导致 slot 不可用,Redis Cluster 节点下线导致 slot 不可用,0.95,rule,gaia-memory-redis,False
5:gaia-redisservice1-2021-07-01_16`:34`:39-memory_anomalies,1:Redis Cluster 节点下线导致 slot 不可用,Redis Cluster 节点下线导致 slot 不可用,0.95,rule,gaia-memory-redis,False
5:gaia-redisservice1-2021-07-01_21`:28`:23-memory_anomalies,1:Redis Cluster 节点下线导致 slot 不可用,Redis Cluster 节点下线导致 slot 不可用,0.95,rule,gaia-memory-redis,False
5:gaia-redisservice1-2021-07-03_00`:36`:49-memory_anomalies,1:Redis Cluster 节点下线导致 slot 不可用,Redis Cluster 节点下线导致 slot 不可用,0.95,rule,gaia-memory-redis,False
5:gaia-redisservice1-2021-07-03_17`:16`:34-memory_anomalies,1:Redis Cluster 节点下线导致 slot 不可用,Redis Cluster 节点下线导致 slot 不可用,0.95,rule,gaia-memory-redis,False
5:gaia-redisservice1-2021-07-04_17`:41`:07-memory_anomalies,1:Redis Cluster 节点下线导致 slot 不可用,Redis Cluster 节点下线导致 slot 不可用,0.95,rule,gaia-memory-redis,False
5:gaia-redisservice1-2021-07-05_02`:44`:22-memory_anomalies,1:Redis Cluster 节点下线导致 slot 不可用,Redis Cluster 节点下线导致 slot 不可用,0.95,rule,gaia-memory-redis,False
5:gaia-redisservice1-2021-07-05_08`:27`:58-memory_anomalies,1:Redis Cluster 节点下线导致 slot 不可用,Redis Cluster 节点下线导致 slot 不可用,0.95,rule,gaia-memory-redis,False
5:gaia-redisservice1-2021-07-05_18`:16`:36-memory_anomalies,1:Redis Cluster 节点下线导致 slot 不可用,Redis Cluster 节点下线导致 slot 不可用,0.95,rule,gaia-memory-redis,False
5:gaia-redisservice1-2021-07-06_22`:14`:59-memory_anomalies,1:Redis Cluster 节点下线导致 slot 不可用,Redis Cluster 节点下线导致 slot 不可用,0.95,rule,gaia-memory-redis,False
5:gaia-redisservice1-2021-07-07_04`:15`:47-memory_anomalies,1:Redis Cluster 节点下线导致 slot 不可用,Redis Cluster 节点下线导致 slot 不可用,0.95,rule,gaia-memory-redis,False
5:gaia-redisservice1-2021-07-07_23`:10`:47-memory_anomalies,1:Redis Cluster 节点下线导致 slot 不可用,Redis Cluster 节点下线导致 slot 不可用,0.95,rule,gaia-memory-redis,False
5:gaia-redisservice1-2021-07-09_07`:36`:45-memory_anomalies,1:Redis Cluster 节点下线导致 slot 不可用,Redis Cluster 节点下线导致 slot 不可用,0.95,rule,gaia-memory-redis,False
5:gaia-redisservice1-2021-07-10_02`:08`:54-memory_anomalies,1:Redis Cluster 节点下线导致 slot 不可用,Redis Cluster 节点下线导致 slot 不可用,0.95,rule,gaia-memory-redis,False
5:gaia-redisservice1-2021-07-10_18`:43`:55-memory_anomalies,1:Redis Cluster 节点下线导致 slot 不可用,Redis Cluster 节点下线导致 slot 不可用,0.95,rule,gaia-memory-redis,False
5:gaia-redisservice1-2021-07-11_14`:49`:12-memory_anomalies,1:Redis Cluster 节点下线导致 slot 不可用,Redis Cluster 节点下线导致 slot 不可用,0.95,rule,gaia-memory-redis,False
5:gaia-redisservice1-2021-07-12_22`:56`:19-memory_anomalies,1:Redis Cluster 节点下线导致 slot 不可用,Redis Cluster 节点下线导致 slot 不可用,0.95,rule,gaia-memory-redis,False
5:gaia-redisservice1-2021-07-13_10`:40`:59-memory_anomalies,1:Redis Cluster 节点下线导致 slot 不可用,Redis Cluster 节点下线导致 slot 不可用,0.95,rule,gaia-memory-redis,False
5:gaia-redisservice1-2021-07-13_11`:57`:32-memory_anomalies,1:Redis Cluster 节点下线导致 slot 不可用,Redis Cluster 节点下线导致 slot 不可用,0.95,rule,gaia-memory-redis,False
5:gaia-redisservice1-2021-07-13_14`:16`:50-memory_anomalies,1:Redis Cluster 节点下线导致 slot 不可用,Redis Cluster 节点下线导致 slot 不可用,0.95,rule,gaia-memory-redis,False
5:gaia-redisservice1-2021-07-14_15`:07`:01-memory_anomalies,1:Redis Cluster 节点下线导致 slot 不可用,Redis Cluster 节点下线导致 slot 不可用,0.95,rule,gaia-memory-redis,False
5:gaia-redisservice1-2021-07-14_16`:02`:47-memory_anomalies,1:Redis Cluster 节点下线导致 slot 不可用,Redis Cluster 节点下线导致 slot 不可用,0.95,rule,gaia-memory-redis,False
5:gaia-redisservice1-2021-07-15_08`:17`:28-memory_anomalies,1:Redis Cluster 节点下线导致 slot 不可用,Redis Cluster 节点下线导致 slot 不可用,0.95,rule,gaia-memory-redis,False
5:gaia-redisservice1-2021-07-15_18`:36`:52-memory_anomalies,1:Redis Cluster 节点下线导致 slot 不可用,Redis Cluster 节点下线导致 slot 不可用,0.95,rule,gaia-memory-redis,False
5:gaia-redisservice1-2021-07-16_14`:01`:55-memory_anomalies,1:Redis Cluster 节点下线导致 slot 不可用,Redis Cluster 节点下线导致 slot 不可用,0.95,rule,gaia-memory-redis,False
5:gaia-redisservice1-2021-07-17_10`:20`:30-memory_anomalies,1:Redis Cluster 节点下线导致 slot 不可用,Redis Cluster 节点下线导致 slot 不可用,0.95,rule,gaia-memory-redis,False
5:gaia-redisservice1-2021-07-17_11`:12`:05-memory_anomalies,1:Redis Cluster 节点下线导致 slot 不可用,Redis Cluster 节点下线导致 slot 不可用,0.95,rule,gaia-memory-redis,False
5:gaia-redisservice1-2021-07-17_20`:02`:02-memory_anomalies,1:Redis Cluster 节点下线导致 slot 不可用,Redis Cluster 节点下线导致 slot 不可用,0.95,rule,gaia-memory-redis,False
5:gaia-redisservice1-2021-07-20_05`:20`:17-memory_anomalies,1:Redis Cluster 节点下线导致 slot 不可用,Redis Cluster 节点下线导致 slot 不可用,0.95,rule,gaia-memory-redis,False
5:gaia-redisservice1-2021-07-21_07`:15`:23-memory_anomalies,1:Redis Cluster 节点下线导致 slot 不可用,Redis Cluster 节点下线导致 slot 不可用,0.95,rule,gaia-memory-redis,False
5:gaia-redisservice1-2021-07-21_10`:43`:25-memory_anomalies,1:Redis Cluster 节点下线导致 slot 不可用,Redis Cluster 节点下线导致 slot 不可用,0.95,rule,gaia-memory-redis,False
5:gaia-redisservice1-2021-07-21_12`:39`:59-memory_anomalies,1:Redis Cluster 节点下线导致 slot 不可用,Redis Cluster 节点下线导致 slot 不可用,0.95,rule,gaia-memory-redis,False
5:gaia-redisservice1-2021-07-22_08`:47`:58-memory_anomalies,1:Redis Cluster 节点下线导致 slot 不可用,Redis Cluster 节点下线导致 slot 不可用,0.95,rule,gaia-memory-redis,False
5:gaia-redisservice1-2021-07-22_17`:43`:06-memory_anomalies,1:Redis Cluster 节点下线导致 slot 不可用,Redis Cluster 节点下线导致 slot 不可用,0.95,rule,gaia-memory-redis,False
5:gaia-redisservice1-2021-07-22_18`:48`:09-memory_anomalies,1:Redis Cluster 节点下线导致 slot 不可用,Redis Cluster 节点下线导致 slot 不可用,0.95,rule,gaia-memory-redis,False
5:gaia-redisservice1-2021-07-23_01`:01`:08-memory_anomalies,1:Redis Cluster 节点下线导致 slot 不可用,Redis Cluster 节点下线导致 slot 不可用,0.95,rule,gaia-memory-redis,False
5:gaia-redisservice1-2021-07-23_22`:56`:50-memory_anomalies,1:Redis Cluster 节点下线导致 slot 不可用,Redis Cluster 节点下线导致 slot 不可用,0.95,rule,gaia-memory-redis,False
5:gaia-redisservice1-2021-07-24_07`:18`:46-memory_anomalies,1:Redis Cluster 节点下线导致 slot 不可用,Redis Cluster 节点下线导致 slot 不可用,0.95,rule,gaia-memory-redis,False
5:gaia-redisservice1-2021-07-25_11`:44`:36-memory_anomalies,1:Redis Cluster 节点下线导致 slot 不可用,Redis Cluster 节点下线导致 slot 不可用,0.95,rule,gaia-memory-redis,False
5:gaia-redisservice1-2021-07-25_13`:28`:58-memory_anomalies,1:Redis Cluster 节点下线导致 slot 不可用,Redis Cluster 节点下线导致 slot 不可用,0.95,rule,gaia-memory-redis,False
5:gaia-redisservice1-2021-07-26_12`:52`:27-memory_anomalies,1:Redis Cluster 节点下线导致 slot 不可用,Redis Cluster 节点下线导致 slot 不可用,0.95,rule,gaia-memory-redis,False
5:gaia-redisservice1-2021-07-26_20`:45`:32-memory_anomalies,1:Redis Cluster 节点下线导致 slot 不可用,Redis Cluster 节点下线导致 slot 不可用,0.95,rule,gaia-memory-redis,False
5:gaia-redisservice1-2021-07-27_05`:02`:14-memory_anomalies,1:Redis Cluster 节点下线导致 slot 不可用,Redis Cluster 节点下线导致 slot 不可用,0.95,rule,gaia-memory-redis,False
5:gaia-redisservice1-2021-07-27_06`:24`:45-memory_anomalies,1:Redis Cluster 节点下线导致 slot 不可用,Redis Cluster 节点下线导致 slot 不可用,0.95,rule,gaia-memory-redis,False
5:gaia-redisservice1-2021-07-27_10`:31`:04-memory_anomalies,1:Redis Cluster 节点下线导致 slot 不可用,Redis Cluster 节点下线导致 slot 不可用,0.95,rule,gaia-memory-redis,False
5:gaia-redisservice1-2021-07-28_01`:42`:47-memory_anomalies,1:Redis Cluster 节点下线导致 slot 不可用,Redis Cluster 节点下线导致 slot 不可用,0.95,rule,gaia-memory-redis,False
5:gaia-redisservice1-2021-07-28_22`:43`:22-memory_anomalies,1:Redis Cluster 节点下线导致 slot 不可用,Redis Cluster 节点下线导致 slot 不可用,0.95,rule,gaia-memory-redis,False
5:gaia-redisservice1-2021-07-29_04`:10`:34-memory_anomalies,1:Redis Cluster 节点下线导致 slot 不可用,Redis Cluster 节点下线导致 slot 不可用,0.95,rule,gaia-memory-redis,False
5:gaia-redisservice1-2021-07-29_16`:05`:00-memory_anomalies,1:Redis Cluster 节点下线导致 slot 不可用,Redis Cluster 节点下线导致 slot 不可用,0.95,rule,gaia-memory-redis,False
5:gaia-redisservice1-2021-07-29_19`:47`:58-memory_anomalies,1:Redis Cluster 节点下线导致 slot 不可用,Redis Cluster 节点下线导致 slot 不可用,0.95,rule,gaia-memory-redis,False
5:gaia-redisservice1-2021-07-30_14`:58`:58-memory_anomalies,1:Redis Cluster 节点下线导致 slot 不可用,Redis Cluster 节点下线导致 slot 不可用,0.95,rule,gaia-memory-redis,False
5:gaia-redisservice1-2021-07-30_18`:36`:43-memory_anomalies,1:Redis Cluster 节点下线导致 slot 不可用,Redis Cluster 节点下线导致 slot 不可用,0.95,rule,gaia-memory-redis,False
5:gaia-redisservice1-2021-07-31_06`:30`:30-memory_anomalies,1:Redis Cluster 节点下线导致 slot 不可用,Redis Cluster 节点下线导致 slot 不可用,0.95,rule,gaia-memory-redis,False
5:gaia-redisservice1-2021-07-31_16`:32`:35-memory_anomalies,1:Redis Cluster 节点下线导致 slot 不可用,Redis Cluster 节点下线导致 slot 不可用,0.95,rule,gaia-memory-redis,False
5:gaia-redisservice1-2021-07-31_19`:47`:47-memory_anomalies,1:Redis Cluster 节点下线导致 slot 不可用,Redis Cluster 节点下线导致 slot 不可用,0.95,rule,gaia-memory-redis,False
5:gaia-redisservice2-2021-07-01_15`:57`:15-memory_anomalies,1:Redis Cluster 节点下线导致 slot 不可用,Redis Cluster 节点下线导致 slot 不可用,0.95,rule,gaia-memory-redis,False
5:gaia-redisservice2-2021-07-01_18`:55`:01-memory_anomalies,1:Redis Cluster 节点下线导致 slot 不可用,Redis Cluster 节点下线导致 slot 不可用,0.95,rule,gaia-memory-redis,False
5:gaia-redisservice2-2021-07-01_21`:30`:11-memory_anomalies,1:Redis Cluster 节点下线导致 slot 不可用,Redis Cluster 节点下线导致 slot 不可用,0.95,rule,gaia-memory-redis,False
5:gaia-redisservice2-2021-07-01_22`:40`:02-memory_anomalies,1:Redis Cluster 节点下线导致 slot 不可用,Redis Cluster 节点下线导致 slot 不可用,0.95,rule,gaia-memory-redis,False
5:gaia-redisservice2-2021-07-02_18`:21`:54-memory_anomalies,1:Redis Cluster 节点下线导致 slot 不可用,Redis Cluster 节点下线导致 slot 不可用,0.95,rule,gaia-memory-redis,False
5:gaia-redisservice2-2021-07-02_22`:23`:20-memory_anomalies,1:Redis Cluster 节点下线导致 slot 不可用,Redis Cluster 节点下线导致 slot 不可用,0.95,rule,gaia-memory-redis,False
5:gaia-redisservice2-2021-07-03_13`:59`:52-memory_anomalies,1:Redis Cluster 节点下线导致 slot 不可用,Redis Cluster 节点下线导致 slot 不可用,0.95,rule,gaia-memory-redis,False
5:gaia-redisservice2-2021-07-03_15`:01`:28-memory_anomalies,1:Redis Cluster 节点下线导致 slot 不可用,Redis Cluster 节点下线导致 slot 不可用,0.95,rule,gaia-memory-redis,False
5:gaia-redisservice2-2021-07-05_13`:58`:49-memory_anomalies,1:Redis Cluster 节点下线导致 slot 不可用,Redis Cluster 节点下线导致 slot 不可用,0.95,rule,gaia-memory-redis,False
5:gaia-redisservice2-2021-07-05_19`:07`:23-memory_anomalies,1:Redis Cluster 节点下线导致 slot 不可用,Redis Cluster 节点下线导致 slot 不可用,0.95,rule,gaia-memory-redis,False
5:gaia-redisservice2-2021-07-07_01`:20`:00-memory_anomalies,1:Redis Cluster 节点下线导致 slot 不可用,Redis Cluster 节点下线导致 slot 不可用,0.95,rule,gaia-memory-redis,False
5:gaia-redisservice2-2021-07-07_21`:16`:30-memory_anomalies,1:Redis Cluster 节点下线导致 slot 不可用,Redis Cluster 节点下线导致 slot 不可用,0.95,rule,gaia-memory-redis,False
5:gaia-redisservice2-2021-07-08_08`:44`:04-memory_anomalies,1:Redis Cluster 节点下线导致 slot 不可用,Redis Cluster 节点下线导致 slot 不可用,0.95,rule,gaia-memory-redis,False
5:gaia-redisservice2-2021-07-08_13`:57`:49-memory_anomalies,1:Redis Cluster 节点下线导致 slot 不可用,Redis Cluster 节点下线导致 slot 不可用,0.95,rule,gaia-memory-redis,False
5:gaia-redisservice2-2021-07-08_18`:21`:26-memory_anomalies,1:Redis Cluster 节点下线导致 slot 不可用,Redis Cluster 节点下线导致 slot 不可用,0.95,rule,gaia-memory-redis,False
5:gaia-redisservice2-2021-07-09_00`:20`:00-memory_anomalies,1:Redis Cluster 节点下线导致 slot 不可用,Redis Cluster 节点下线导致 slot 不可用,0.95,rule,gaia-memory-redis,False
5:gaia-redisservice2-2021-07-09_08`:28`:40-memory_anomalies,1:Redis Cluster 节点下线导致 slot 不可用,Redis Cluster 节点下线导致 slot 不可用,0.95,rule,gaia-memory-redis,False
5:gaia-redisservice2-2021-07-09_15`:42`:47-memory_anomalies,1:Redis Cluster 节点下线导致 slot 不可用,Redis Cluster 节点下线导致 slot 不可用,0.95,rule,gaia-memory-redis,False
5:gaia-redisservice2-2021-07-09_23`:54`:13-memory_anomalies,1:Redis Cluster 节点下线导致 slot 不可用,Redis Cluster 节点下线导致 slot 不可用,0.95,rule,gaia-memory-redis,False
5:gaia-redisservice2-2021-07-10_02`:07`:19-memory_anomalies,1:Redis Cluster 节点下线导致 slot 不可用,Redis Cluster 节点下线导致 slot 不可用,0.95,rule,gaia-memory-redis,False
5:gaia-redisservice2-2021-07-10_21`:59`:39-memory_anomalies,1:Redis Cluster 节点下线导致 slot 不可用,Redis Cluster 节点下线导致 slot 不可用,0.95,rule,gaia-memory-redis,False
5:gaia-redisservice2-2021-07-11_06`:32`:52-memory_anomalies,1:Redis Cluster 节点下线导致 slot 不可用,Redis Cluster 节点下线导致 slot 不可用,0.95,rule,gaia-memory-redis,False
5:gaia-redisservice2-2021-07-12_00`:02`:44-memory_anomalies,1:Redis Cluster 节点下线导致 slot 不可用,Redis Cluster 节点下线导致 slot 不可用,0.95,rule,gaia-memory-redis,False
5:gaia-redisservice2-2021-07-12_07`:18`:08-memory_anomalies,1:Redis Cluster 节点下线导致 slot 不可用,Redis Cluster 节点下线导致 slot 不可用,0.95,rule,gaia-memory-redis,False
5:gaia-redisservice2-2021-07-12_13`:29`:13-memory_anomalies,1:Redis Cluster 节点下线导致 slot 不可用,Redis Cluster 节点下线导致 slot 不可用,0.95,rule,gaia-memory-redis,False
5:gaia-redisservice2-2021-07-12_22`:07`:23-memory_anomalies,1:Redis Cluster 节点下线导致 slot 不可用,Redis Cluster 节点下线导致 slot 不可用,0.95,rule,gaia-memory-redis,False
5:gaia-redisservice2-2021-07-12_23`:19`:11-memory_anomalies,1:Redis Cluster 节点下线导致 slot 不可用,Redis Cluster 节点下线导致 slot 不可用,0.95,rule,gaia-memory-redis,False
5:gaia-redisservice2-2021-07-13_12`:13`:37-memory_anomalies,1:Redis Cluster 节点下线导致 slot 不可用,Redis Cluster 节点下线导致 slot 不可用,0.95,rule,gaia-memory-redis,False
5:gaia-redisservice2-2021-07-14_07`:28`:38-memory_anomalies,1:Redis Cluster 节点下线导致 slot 不可用,Redis Cluster 节点下线导致 slot 不可用,0.95,rule,gaia-memory-redis,False
5:gaia-redisservice2-2021-07-15_00`:01`:36-memory_anomalies,1:Redis Cluster 节点下线导致 slot 不可用,Redis Cluster 节点下线导致 slot 不可用,0.95,rule,gaia-memory-redis,False
5:gaia-redisservice2-2021-07-15_03`:28`:51-memory_anomalies,1:Redis Cluster 节点下线导致 slot 不可用,Redis Cluster 节点下线导致 slot 不可用,0.95,rule,gaia-memory-redis,False
5:gaia-redisservice2-2021-07-15_19`:00`:54-memory_anomalies,1:Redis Cluster 节点下线导致 slot 不可用,Redis Cluster 节点下线导致 slot 不可用,0.95,rule,gaia-memory-redis,False
5:gaia-redisservice2-2021-07-16_04`:40`:29-memory_anomalies,1:Redis Cluster 节点下线导致 slot 不可用,Redis Cluster 节点下线导致 slot 不可用,0.95,rule,gaia-memory-redis,False
5:gaia-redisservice2-2021-07-17_04`:28`:59-memory_anomalies,1:Redis Cluster 节点下线导致 slot 不可用,Redis Cluster 节点下线导致 slot 不可用,0.95,rule,gaia-memory-redis,False
5:gaia-redisservice2-2021-07-20_00`:40`:18-memory_anomalies,1:Redis Cluster 节点下线导致 slot 不可用,Redis Cluster 节点下线导致 slot 不可用,0.95,rule,gaia-memory-redis,False
5:gaia-redisservice2-2021-07-20_07`:25`:49-memory_anomalies,1:Redis Cluster 节点下线导致 slot 不可用,Redis Cluster 节点下线导致 slot 不可用,0.95,rule,gaia-memory-redis,False
5:gaia-redisservice2-2021-07-20_12`:22`:39-memory_anomalies,1:Redis Cluster 节点下线导致 slot 不可用,Redis Cluster 节点下线导致 slot 不可用,0.95,rule,gaia-memory-redis,False
5:gaia-redisservice2-2021-07-21_06`:05`:10-memory_anomalies,1:Redis Cluster 节点下线导致 slot 不可用,Redis Cluster 节点下线导致 slot 不可用,0.95,rule,gaia-memory-redis,False
5:gaia-redisservice2-2021-07-21_09`:59`:54-memory_anomalies,1:Redis Cluster 节点下线导致 slot 不可用,Redis Cluster 节点下线导致 slot 不可用,0.95,rule,gaia-memory-redis,False
5:gaia-redisservice2-2021-07-22_06`:07`:14-memory_anomalies,1:Redis Cluster 节点下线导致 slot 不可用,Redis Cluster 节点下线导致 slot 不可用,0.95,rule,gaia-memory-redis,False
5:gaia-redisservice2-2021-07-23_04`:56`:57-memory_anomalies,1:Redis Cluster 节点下线导致 slot 不可用,Redis Cluster 节点下线导致 slot 不可用,0.95,rule,gaia-memory-redis,False
5:gaia-redisservice2-2021-07-23_06`:43`:20-memory_anomalies,1:Redis Cluster 节点下线导致 slot 不可用,Redis Cluster 节点下线导致 slot 不可用,0.95,rule,gaia-memory-redis,False
5:gaia-redisservice2-2021-07-23_18`:09`:47-memory_anomalies,1:Redis Cluster 节点下线导致 slot 不可用,Redis Cluster 节点下线导致 slot 不可用,0.95,rule,gaia-memory-redis,False
5:gaia-redisservice2-2021-07-23_20`:30`:53-memory_anomalies,1:Redis Cluster 节点下线导致 slot 不可用,Redis Cluster 节点下线导致 slot 不可用,0.95,rule,gaia-memory-redis,False
5:gaia-redisservice2-2021-07-24_08`:25`:08-memory_anomalies,1:Redis Cluster 节点下线导致 slot 不可用,Redis Cluster 节点下线导致 slot 不可用,0.95,rule,gaia-memory-redis,False
5:gaia-redisservice2-2021-07-24_15`:29`:01-memory_anomalies,1:Redis Cluster 节点下线导致 slot 不可用,Redis Cluster 节点下线导致 slot 不可用,0.95,rule,gaia-memory-redis,False
5:gaia-redisservice2-2021-07-26_03`:25`:46-memory_anomalies,1:Redis Cluster 节点下线导致 slot 不可用,Redis Cluster 节点下线导致 slot 不可用,0.95,rule,gaia-memory-redis,False
5:gaia-redisservice2-2021-07-26_09`:54`:23-memory_anomalies,1:Redis Cluster 节点下线导致 slot 不可用,Redis Cluster 节点下线导致 slot 不可用,0.95,rule,gaia-memory-redis,False
5:gaia-redisservice2-2021-07-27_11`:42`:47-memory_anomalies,1:Redis Cluster 节点下线导致 slot 不可用,Redis Cluster 节点下线导致 slot 不可用,0.95,rule,gaia-memory-redis,False
5:gaia-redisservice2-2021-07-27_18`:07`:30-memory_anomalies,1:Redis Cluster 节点下线导致 slot 不可用,Redis Cluster 节点下线导致 slot 不可用,0.95,rule,gaia-memory-redis,False
5:gaia-redisservice2-2021-07-28_06`:49`:33-memory_anomalies,1:Redis Cluster 节点下线导致 slot 不可用,Redis Cluster 节点下线导致 slot 不可用,0.95,rule,gaia-memory-redis,False
5:gaia-redisservice2-2021-07-29_18`:57`:36-memory_anomalies,1:Redis Cluster 节点下线导致 slot 不可用,Redis Cluster 节点下线导致 slot 不可用,0.95,rule,gaia-memory-redis,False
5:gaia-redisservice2-2021-07-30_02`:57`:35-memory_anomalies,1:Redis Cluster 节点下线导致 slot 不可用,Redis Cluster 节点下线导致 slot 不可用,0.95,rule,gaia-memory-redis,False
5:gaia-redisservice2-2021-07-30_07`:21`:54-memory_anomalies,1:Redis Cluster 节点下线导致 slot 不可用,Redis Cluster 节点下线导致 slot 不可用,0.95,rule,gaia-memory-redis,False
5:gaia-redisservice2-2021-07-31_13`:37`:58-memory_anomalies,1:Redis Cluster 节点下线导致 slot 不可用,Redis Cluster 节点下线导致 slot 不可用,0.95,rule,gaia-memory-redis,False
5:gaia-redisservice2-2021-07-31_15`:33`:00-memory_anomalies,1:Redis Cluster 节点下线导致 slot 不可用,Redis Cluster 节点下线导致 slot 不可用,0.95,rule,gaia-memory-redis,False
5:gaia-redisservice2-2021-07-31_16`:24`:57-memory_anomalies,1:Redis Cluster 节点下线导致 slot 不可用,Redis Cluster 节点下线导致 slot 不可用,0.95,rule,gaia-memory-redis,False
5:gaia-webservice1-2021-07-02_10`:34`:32-memory_anomalies,1:Apache SSL 握手失败,Apache SSL 握手失败,0.94,rule,gaia-memory-web,False
5:gaia-webservice1-2021-07-04_04`:32`:59-memory_anomalies,1:Apache SSL 握手失败,Apache SSL 握手失败,0.94,rule,gaia-memory-web,False
5:gaia-webservice1-2021-07-04_06`:41`:56-memory_anomalies,1:Apache SSL 握手失败,Apache SSL 握手失败,0.94,rule,gaia-memory-web,False
5:gaia-webservice1-2021-07-04_16`:20`:30-memory_anomalies,1:Apache SSL 握手失败,Apache SSL 握手失败,0.94,rule,gaia-memory-web,False
5:gaia-webservice1-2021-07-05_17`:37`:38-memory_anomalies,1:Apache SSL 握手失败,Apache SSL 握手失败,0.94,rule,gaia-memory-web,False
5:gaia-webservice1-2021-07-05_22`:09`:15-memory_anomalies,1:Apache SSL 握手失败,Apache SSL 握手失败,0.94,rule,gaia-memory-web,False
5:gaia-webservice1-2021-07-06_04`:35`:36-memory_anomalies,1:Apache SSL 握手失败,Apache SSL 握手失败,0.94,rule,gaia-memory-web,False
5:gaia-webservice1-2021-07-06_21`:45`:30-memory_anomalies,1:Apache SSL 握手失败,Apache SSL 握手失败,0.94,rule,gaia-memory-web,False
5:gaia-webservice1-2021-07-07_12`:55`:59-memory_anomalies,1:Apache SSL 握手失败,Apache SSL 握手失败,0.94,rule,gaia-memory-web,False
5:gaia-webservice1-2021-07-08_03`:42`:09-memory_anomalies,1:Apache SSL 握手失败,Apache SSL 握手失败,0.94,rule,gaia-memory-web,False
5:gaia-webservice1-2021-07-08_11`:37`:13-memory_anomalies,1:Apache SSL 握手失败,Apache SSL 握手失败,0.94,rule,gaia-memory-web,False
5:gaia-webservice1-2021-07-08_20`:55`:03-memory_anomalies,1:Apache SSL 握手失败,Apache SSL 握手失败,0.94,rule,gaia-memory-web,False
5:gaia-webservice1-2021-07-09_08`:55`:24-memory_anomalies,1:Apache SSL 握手失败,Apache SSL 握手失败,0.94,rule,gaia-memory-web,False
5:gaia-webservice1-2021-07-09_20`:01`:58-memory_anomalies,1:Apache SSL 握手失败,Apache SSL 握手失败,0.94,rule,gaia-memory-web,False
5:gaia-webservice1-2021-07-10_01`:40`:57-memory_anomalies,1:Apache SSL 握手失败,Apache SSL 握手失败,0.94,rule,gaia-memory-web,False
5:gaia-webservice1-2021-07-10_07`:54`:23-memory_anomalies,1:Apache SSL 握手失败,Apache SSL 握手失败,0.94,rule,gaia-memory-web,False
5:gaia-webservice1-2021-07-10_22`:47`:59-memory_anomalies,1:Apache SSL 握手失败,Apache SSL 握手失败,0.94,rule,gaia-memory-web,False
5:gaia-webservice1-2021-07-11_08`:23`:28-memory_anomalies,1:Apache SSL 握手失败,Apache SSL 握手失败,0.94,rule,gaia-memory-web,False
5:gaia-webservice1-2021-07-12_08`:47`:54-memory_anomalies,1:Apache SSL 握手失败,Apache SSL 握手失败,0.94,rule,gaia-memory-web,False
5:gaia-webservice1-2021-07-12_17`:37`:47-memory_anomalies,1:Apache SSL 握手失败,Apache SSL 握手失败,0.94,rule,gaia-memory-web,False
5:gaia-webservice1-2021-07-13_17`:40`:54-memory_anomalies,1:Apache SSL 握手失败,Apache SSL 握手失败,0.94,rule,gaia-memory-web,False
5:gaia-webservice1-2021-07-14_04`:17`:45-memory_anomalies,1:Apache SSL 握手失败,Apache SSL 握手失败,0.94,rule,gaia-memory-web,False
5:gaia-webservice1-2021-07-14_10`:35`:04-memory_anomalies,1:Apache SSL 握手失败,Apache SSL 握手失败,0.94,rule,gaia-memory-web,False
5:gaia-webservice1-2021-07-15_04`:09`:25-memory_anomalies,1:Apache SSL 握手失败,Apache SSL 握手失败,0.94,rule,gaia-memory-web,False
5:gaia-webservice1-2021-07-15_17`:59`:38-memory_anomalies,1:Apache SSL 握手失败,Apache SSL 握手失败,0.94,rule,gaia-memory-web,False
5:gaia-webservice1-2021-07-16_03`:35`:08-memory_anomalies,1:Apache SSL 握手失败,Apache SSL 握手失败,0.94,rule,gaia-memory-web,False
5:gaia-webservice1-2021-07-16_11`:16`:05-memory_anomalies,1:Apache SSL 握手失败,Apache SSL 握手失败,0.94,rule,gaia-memory-web,False
5:gaia-webservice1-2021-07-17_05`:10`:01-memory_anomalies,1:Apache SSL 握手失败,Apache SSL 握手失败,0.94,rule,gaia-memory-web,False
5:gaia-webservice1-2021-07-17_18`:54`:05-memory_anomalies,1:Apache SSL 握手失败,Apache SSL 握手失败,0.94,rule,gaia-memory-web,False
5:gaia-webservice1-2021-07-18_10`:45`:03-memory_anomalies,1:Apache SSL 握手失败,Apache SSL 握手失败,0.94,rule,gaia-memory-web,False
5:gaia-webservice1-2021-07-20_05`:34`:57-memory_anomalies,1:Apache SSL 握手失败,Apache SSL 握手失败,0.94,rule,gaia-memory-web,False
5:gaia-webservice1-2021-07-20_18`:47`:34-memory_anomalies,1:Apache SSL 握手失败,Apache SSL 握手失败,0.94,rule,gaia-memory-web,False
5:gaia-webservice1-2021-07-21_01`:13`:09-memory_anomalies,1:Apache SSL 握手失败,Apache SSL 握手失败,0.94,rule,gaia-memory-web,False
5:gaia-webservice1-2021-07-21_15`:30`:11-memory_anomalies,1:Apache SSL 握手失败,Apache SSL 握手失败,0.94,rule,gaia-memory-web,False
5:gaia-webservice1-2021-07-21_17`:31`:06-memory_anomalies,1:Apache SSL 握手失败,Apache SSL 握手失败,0.94,rule,gaia-memory-web,False
5:gaia-webservice1-2021-07-22_01`:37`:41-memory_anomalies,1:Apache SSL 握手失败,Apache SSL 握手失败,0.94,rule,gaia-memory-web,False
5:gaia-webservice1-2021-07-22_05`:59`:16-memory_anomalies,1:Apache SSL 握手失败,Apache SSL 握手失败,0.94,rule,gaia-memory-web,False
5:gaia-webservice1-2021-07-22_12`:17`:03-memory_anomalies,1:Apache SSL 握手失败,Apache SSL 握手失败,0.94,rule,gaia-memory-web,False
5:gaia-webservice1-2021-07-22_22`:15`:48-memory_anomalies,1:Apache SSL 握手失败,Apache SSL 握手失败,0.94,rule,gaia-memory-web,False
5:gaia-webservice1-2021-07-23_13`:24`:38-memory_anomalies,1:Apache SSL 握手失败,Apache SSL 握手失败,0.94,rule,gaia-memory-web,False
5:gaia-webservice1-2021-07-23_16`:26`:06-memory_anomalies,1:Apache SSL 握手失败,Apache SSL 握手失败,0.94,rule,gaia-memory-web,False
5:gaia-webservice1-2021-07-23_22`:24`:38-memory_anomalies,1:Apache SSL 握手失败,Apache SSL 握手失败,0.94,rule,gaia-memory-web,False
5:gaia-webservice1-2021-07-24_04`:22`:49-memory_anomalies,1:Apache SSL 握手失败,Apache SSL 握手失败,0.94,rule,gaia-memory-web,False
5:gaia-webservice1-2021-07-24_10`:29`:02-memory_anomalies,1:Apache SSL 握手失败,Apache SSL 握手失败,0.94,rule,gaia-memory-web,False
5:gaia-webservice1-2021-07-24_20`:03`:59-memory_anomalies,1:Apache SSL 握手失败,Apache SSL 握手失败,0.94,rule,gaia-memory-web,False
5:gaia-webservice1-2021-07-25_00`:58`:59-memory_anomalies,1:Apache SSL 握手失败,Apache SSL 握手失败,0.94,rule,gaia-memory-web,False
5:gaia-webservice1-2021-07-25_06`:24`:26-memory_anomalies,1:Apache SSL 握手失败,Apache SSL 握手失败,0.94,rule,gaia-memory-web,False
5:gaia-webservice1-2021-07-25_13`:16`:17-memory_anomalies,1:Apache SSL 握手失败,Apache SSL 握手失败,0.94,rule,gaia-memory-web,False
5:gaia-webservice1-2021-07-26_16`:17`:57-memory_anomalies,1:Apache SSL 握手失败,Apache SSL 握手失败,0.94,rule,gaia-memory-web,False
5:gaia-webservice1-2021-07-26_20`:09`:28-memory_anomalies,1:Apache SSL 握手失败,Apache SSL 握手失败,0.94,rule,gaia-memory-web,False
5:gaia-webservice1-2021-07-26_23`:31`:22-memory_anomalies,1:Apache SSL 握手失败,Apache SSL 握手失败,0.94,rule,gaia-memory-web,False
5:gaia-webservice1-2021-07-27_04`:55`:44-memory_anomalies,1:Apache SSL 握手失败,Apache SSL 握手失败,0.94,rule,gaia-memory-web,False
5:gaia-webservice1-2021-07-27_10`:17`:20-memory_anomalies,1:Apache SSL 握手失败,Apache SSL 握手失败,0.94,rule,gaia-memory-web,False
5:gaia-webservice1-2021-07-27_15`:32`:29-memory_anomalies,1:Apache SSL 握手失败,Apache SSL 握手失败,0.94,rule,gaia-memory-web,False
5:gaia-webservice1-2021-07-27_23`:15`:00-memory_anomalies,1:Apache SSL 握手失败,Apache SSL 握手失败,0.94,rule,gaia-memory-web,False
5:gaia-webservice1-2021-07-29_06`:21`:38-memory_anomalies,1:Apache SSL 握手失败,Apache SSL 握手失败,0.94,rule,gaia-memory-web,False
5:gaia-webservice1-2021-07-30_19`:08`:20-memory_anomalies,1:Apache SSL 握手失败,Apache SSL 握手失败,0.94,rule,gaia-memory-web,False
5:gaia-webservice1-2021-07-31_05`:07`:05-memory_anomalies,1:Apache SSL 握手失败,Apache SSL 握手失败,0.94,rule,gaia-memory-web,False
5:gaia-webservice1-2021-07-31_09`:43`:36-cpu_anomalies,1:Apache SSL 握手失败,Apache SSL 握手失败,0.92,rule,gaia-cpu-web,False
5:gaia-webservice1-2021-07-31_09`:47`:50-memory_anomalies,1:Apache SSL 握手失败,Apache SSL 握手失败,0.94,rule,gaia-memory-web,False
5:gaia-webservice1-2021-07-31_16`:58`:21-memory_anomalies,1:Apache SSL 握手失败,Apache SSL 握手失败,0.94,rule,gaia-memory-web,False
5:gaia-webservice2-2021-07-01_11`:16`:52-memory_anomalies,1:Apache SSL 握手失败,Apache SSL 握手失败,0.94,rule,gaia-memory-web,False
5:gaia-webservice2-2021-07-01_15`:48`:50-memory_anomalies,1:Apache SSL 握手失败,Apache SSL 握手失败,0.94,rule,gaia-memory-web,False
5:gaia-webservice2-2021-07-02_07`:51`:52-memory_anomalies,1:Apache SSL 握手失败,Apache SSL 握手失败,0.94,rule,gaia-memory-web,False
5:gaia-webservice2-2021-07-03_15`:18`:07-memory_anomalies,1:Apache SSL 握手失败,Apache SSL 握手失败,0.94,rule,gaia-memory-web,False
5:gaia-webservice2-2021-07-04_03`:00`:20-memory_anomalies,1:Apache SSL 握手失败,Apache SSL 握手失败,0.94,rule,gaia-memory-web,False
5:gaia-webservice2-2021-07-04_06`:43`:50-memory_anomalies,1:Apache SSL 握手失败,Apache SSL 握手失败,0.94,rule,gaia-memory-web,False
5:gaia-webservice2-2021-07-04_17`:00`:06-memory_anomalies,1:Apache SSL 握手失败,Apache SSL 握手失败,0.94,rule,gaia-memory-web,False
5:gaia-webservice2-2021-07-04_18`:49`:17-memory_anomalies,1:Apache SSL 握手失败,Apache SSL 握手失败,0.94,rule,gaia-memory-web,False
5:gaia-webservice2-2021-07-06_23`:30`:32-memory_anomalies,1:Apache SSL 握手失败,Apache SSL 握手失败,0.94,rule,gaia-memory-web,False
5:gaia-webservice2-2021-07-07_09`:21`:39-memory_anomalies,1:Apache SSL 握手失败,Apache SSL 握手失败,0.94,rule,gaia-memory-web,False
5:gaia-webservice2-2021-07-08_08`:49`:22-memory_anomalies,1:Apache SSL 握手失败,Apache SSL 握手失败,0.94,rule,gaia-memory-web,False
5:gaia-webservice2-2021-07-08_11`:41`:37-memory_anomalies,1:Apache SSL 握手失败,Apache SSL 握手失败,0.94,rule,gaia-memory-web,False
5:gaia-webservice2-2021-07-08_12`:31`:51-memory_anomalies,1:Apache SSL 握手失败,Apache SSL 握手失败,0.94,rule,gaia-memory-web,False
5:gaia-webservice2-2021-07-08_20`:44`:59-memory_anomalies,1:Apache SSL 握手失败,Apache SSL 握手失败,0.94,rule,gaia-memory-web,False
5:gaia-webservice2-2021-07-09_04`:47`:28-memory_anomalies,1:Apache SSL 握手失败,Apache SSL 握手失败,0.94,rule,gaia-memory-web,False
5:gaia-webservice2-2021-07-09_18`:54`:02-memory_anomalies,1:Apache SSL 握手失败,Apache SSL 握手失败,0.94,rule,gaia-memory-web,False
5:gaia-webservice2-2021-07-10_04`:15`:58-memory_anomalies,1:Apache SSL 握手失败,Apache SSL 握手失败,0.94,rule,gaia-memory-web,False
5:gaia-webservice2-2021-07-10_05`:58`:23-memory_anomalies,1:Apache SSL 握手失败,Apache SSL 握手失败,0.94,rule,gaia-memory-web,False
5:gaia-webservice2-2021-07-11_11`:34`:02-memory_anomalies,1:Apache SSL 握手失败,Apache SSL 握手失败,0.94,rule,gaia-memory-web,False
5:gaia-webservice2-2021-07-11_12`:44`:06-memory_anomalies,1:Apache SSL 握手失败,Apache SSL 握手失败,0.94,rule,gaia-memory-web,False
5:gaia-webservice2-2021-07-11_15`:48`:41-memory_anomalies,1:Apache SSL 握手失败,Apache SSL 握手失败,0.94,rule,gaia-memory-web,False
5:gaia-webservice2-2021-07-11_19`:12`:20-memory_anomalies,1:Apache SSL 握手失败,Apache SSL 握手失败,0.94,rule,gaia-memory-web,False
5:gaia-webservice2-2021-07-12_01`:22`:58-memory_anomalies,1:Apache SSL 握手失败,Apache SSL 握手失败,0.94,rule,gaia-memory-web,False
5:gaia-webservice2-2021-07-12_13`:42`:23-memory_anomalies,1:Apache SSL 握手失败,Apache SSL 握手失败,0.94,rule,gaia-memory-web,False
5:gaia-webservice2-2021-07-12_15`:41`:56-memory_anomalies,1:Apache SSL 握手失败,Apache SSL 握手失败,0.94,rule,gaia-memory-web,False
5:gaia-webservice2-2021-07-13_19`:30`:47-memory_anomalies,1:Apache SSL 握手失败,Apache SSL 握手失败,0.94,rule,gaia-memory-web,False
5:gaia-webservice2-2021-07-14_12`:55`:08-memory_anomalies,1:Apache SSL 握手失败,Apache SSL 握手失败,0.94,rule,gaia-memory-web,False
5:gaia-webservice2-2021-07-14_17`:42`:48-memory_anomalies,1:Apache SSL 握手失败,Apache SSL 握手失败,0.94,rule,gaia-memory-web,False
5:gaia-webservice2-2021-07-14_18`:41`:45-memory_anomalies,1:Apache SSL 握手失败,Apache SSL 握手失败,0.94,rule,gaia-memory-web,False
5:gaia-webservice2-2021-07-15_02`:06`:37-memory_anomalies,1:Apache SSL 握手失败,Apache SSL 握手失败,0.94,rule,gaia-memory-web,False
5:gaia-webservice2-2021-07-15_18`:33`:55-memory_anomalies,1:Apache SSL 握手失败,Apache SSL 握手失败,0.94,rule,gaia-memory-web,False
5:gaia-webservice2-2021-07-16_06`:30`:18-memory_anomalies,1:Apache SSL 握手失败,Apache SSL 握手失败,0.94,rule,gaia-memory-web,False
5:gaia-webservice2-2021-07-16_09`:20`:52-memory_anomalies,1:Apache SSL 握手失败,Apache SSL 握手失败,0.94,rule,gaia-memory-web,False
5:gaia-webservice2-2021-07-17_07`:18`:08-memory_anomalies,1:Apache SSL 握手失败,Apache SSL 握手失败,0.94,rule,gaia-memory-web,False
5:gaia-webservice2-2021-07-17_12`:31`:03-memory_anomalies,1:Apache SSL 握手失败,Apache SSL 握手失败,0.94,rule,gaia-memory-web,False
5:gaia-webservice2-2021-07-18_06`:24`:16-memory_anomalies,1:Apache SSL 握手失败,Apache SSL 握手失败,0.94,rule,gaia-memory-web,False
5:gaia-webservice2-2021-07-20_13`:29`:36-memory_anomalies,1:Apache SSL 握手失败,Apache SSL 握手失败,0.94,rule,gaia-memory-web,False
5:gaia-webservice2-2021-07-20_21`:43`:52-memory_anomalies,1:Apache SSL 握手失败,Apache SSL 握手失败,0.94,rule,gaia-memory-web,False
5:gaia-webservice2-2021-07-21_07`:00`:36-memory_anomalies,1:Apache SSL 握手失败,Apache SSL 握手失败,0.94,rule,gaia-memory-web,False
5:gaia-webservice2-2021-07-21_12`:07`:23-memory_anomalies,1:Apache SSL 握手失败,Apache SSL 握手失败,0.94,rule,gaia-memory-web,False
5:gaia-webservice2-2021-07-21_22`:09`:52-memory_anomalies,1:Apache SSL 握手失败,Apache SSL 握手失败,0.94,rule,gaia-memory-web,False
5:gaia-webservice2-2021-07-22_07`:38`:24-memory_anomalies,1:Apache SSL 握手失败,Apache SSL 握手失败,0.94,rule,gaia-memory-web,False
5:gaia-webservice2-2021-07-23_09`:33`:56-memory_anomalies,1:Apache SSL 握手失败,Apache SSL 握手失败,0.94,rule,gaia-memory-web,False
5:gaia-webservice2-2021-07-24_00`:08`:45-memory_anomalies,1:Apache SSL 握手失败,Apache SSL 握手失败,0.94,rule,gaia-memory-web,False
5:gaia-webservice2-2021-07-24_01`:48`:14-memory_anomalies,1:Apache SSL 握手失败,Apache SSL 握手失败,0.94,rule,gaia-memory-web,False
5:gaia-webservice2-2021-07-24_04`:24`:50-memory_anomalies,1:Apache SSL 握手失败,Apache SSL 握手失败,0.94,rule,gaia-memory-web,False
5:gaia-webservice2-2021-07-24_09`:30`:52-memory_anomalies,1:Apache SSL 握手失败,Apache SSL 握手失败,0.94,rule,gaia-memory-web,False
5:gaia-webservice2-2021-07-25_07`:08`:55-memory_anomalies,1:Apache SSL 握手失败,Apache SSL 握手失败,0.94,rule,gaia-memory-web,False
5:gaia-webservice2-2021-07-25_12`:44`:19-memory_anomalies,1:Apache SSL 握手失败,Apache SSL 握手失败,0.94,rule,gaia-memory-web,False
5:gaia-webservice2-2021-07-26_03`:31`:34-cpu_anomalies,1:Apache SSL 握手失败,Apache SSL 握手失败,0.92,rule,gaia-cpu-web,False
5:gaia-webservice2-2021-07-26_07`:59`:45-memory_anomalies,1:Apache SSL 握手失败,Apache SSL 握手失败,0.94,rule,gaia-memory-web,False
5:gaia-webservice2-2021-07-26_18`:19`:33-memory_anomalies,1:Apache SSL 握手失败,Apache SSL 握手失败,0.94,rule,gaia-memory-web,False
5:gaia-webservice2-2021-07-27_02`:52`:38-memory_anomalies,1:Apache SSL 握手失败,Apache SSL 握手失败,0.94,rule,gaia-memory-web,False
5:gaia-webservice2-2021-07-27_07`:51`:17-memory_anomalies,1:Apache SSL 握手失败,Apache SSL 握手失败,0.94,rule,gaia-memory-web,False
5:gaia-webservice2-2021-07-27_22`:12`:08-memory_anomalies,1:Apache SSL 握手失败,Apache SSL 握手失败,0.94,rule,gaia-memory-web,False
5:gaia-webservice2-2021-07-28_00`:31`:06-memory_anomalies,1:Apache SSL 握手失败,Apache SSL 握手失败,0.94,rule,gaia-memory-web,False
5:gaia-webservice2-2021-07-28_08`:02`:55-memory_anomalies,1:Apache SSL 握手失败,Apache SSL 握手失败,0.94,rule,gaia-memory-web,False
5:gaia-webservice2-2021-07-28_15`:16`:36-memory_anomalies,1:Apache SSL 握手失败,Apache SSL 握手失败,0.94,rule,gaia-memory-web,False
5:gaia-webservice2-2021-07-29_08`:13`:41-memory_anomalies,1:Apache SSL 握手失败,Apache SSL 握手失败,0.94,rule,gaia-memory-web,False
5:gaia-webservice2-2021-07-29_14`:51`:04-memory_anomalies,1:Apache SSL 握手失败,Apache SSL 握手失败,0.94,rule,gaia-memory-web,False
5:gaia-webservice2-2021-07-31_08`:03`:03-memory_anomalies,1:Apache SSL 握手失败,Apache SSL 握手失败,0.94,rule,gaia-memory-web,False
5:gaia-webservice2-2021-07-31_11`:30`:38-memory_anomalies,1:Apache SSL 握手失败,Apache SSL 握手失败,0.94,rule,gaia-memory-web,False
5:gaia-webservice2-2021-07-31_14`:41`:48-memory_anomalies,1:Apache SSL 握手失败,Apache SSL 握手失败,0.94,rule,gaia-memory-web,False
5:gaia-webservice2-2021-07-31_17`:23`:01-memory_anomalies,1:Apache SSL 握手失败,Apache SSL 握手失败,0.94,rule,gaia-memory-web,False
